-- phpMyAdmin SQL Dump
-- version 4.9.0.1
-- https://www.phpmyadmin.net/
--
-- Host: 127.0.0.1
-- Generation Time: Oct 20, 2019 at 05:59 AM
-- Server version: 10.4.6-MariaDB
-- PHP Version: 7.3.9

SET SQL_MODE = "NO_AUTO_VALUE_ON_ZERO";
SET AUTOCOMMIT = 0;
START TRANSACTION;
SET time_zone = "+00:00";


/*!40101 SET @OLD_CHARACTER_SET_CLIENT=@@CHARACTER_SET_CLIENT */;
/*!40101 SET @OLD_CHARACTER_SET_RESULTS=@@CHARACTER_SET_RESULTS */;
/*!40101 SET @OLD_COLLATION_CONNECTION=@@COLLATION_CONNECTION */;
/*!40101 SET NAMES utf8mb4 */;

--
-- Database: `qyah_sys_db`
--

-- --------------------------------------------------------

--
-- Table structure for table `isteri_waris`
--

CREATE TABLE `isteri_waris` (
  `no_kp` varchar(14) NOT NULL,
  `nama` varchar(100) NOT NULL,
  `tarikh_lahir` date NOT NULL,
  `isteri_umur` varchar(255) NOT NULL,
  `jantina` varchar(10) NOT NULL,
  `tempat_lahir` varchar(100) NOT NULL,
  `no_hp` varchar(15) NOT NULL,
  `pekerjaan` varchar(50) NOT NULL,
  `pendapatan` float NOT NULL,
  `pendidikan` varchar(50) NOT NULL,
  `asnaf` varchar(255) NOT NULL,
  `isteri_status` varchar(255) NOT NULL,
  `no_kp_ketua` varchar(14) NOT NULL
) ENGINE=InnoDB DEFAULT CHARSET=utf8;

--
-- Dumping data for table `isteri_waris`
--

INSERT INTO `isteri_waris` (`no_kp`, `nama`, `tarikh_lahir`, `isteri_umur`, `jantina`, `tempat_lahir`, `no_hp`, `pekerjaan`, `pendapatan`, `pendidikan`, `asnaf`, `isteri_status`, `no_kp_ketua`) VALUES
('', '', '0000-00-00', '0', '', '', '', '', 0, '', '', '', ''),
('4512454545', 'ROGAYAH SITI', '1980-08-05', '39', 'LELAKI', 'HUHU', '0124666', 'HUHU', 125, 'TIDAK BERSEKOLAH', 'ASNAF', 'SUDAH MENINGGAL', '12457896987'),
('780310015110', 'ARNIYUSNITA BTE MOHD SAID', '1978-03-10', '', 'PEREMPUAN', 'BATU PAHAT', '0177340622', 'SURI RUMAH', 0, 'UPSR', '', '', '135361292'),
('324234234', 'ISTERI A', '2019-10-10', '', 'PEREMPUAN', '0', '0', '0', 0, 'TIDAK BERSEKOLAH', 'ASNAF', '', '21312312'),
('41321', 'B', '0000-00-00', '', 'PEREMPUAN', '0', '0', '0', 0, 'UPSR', '', '', '2313'),
('3411234', 'ISTERI A', '2019-10-11', '0', 'PEREMPUAN', '0', '0', '0', 0, 'SARJANA MUDA', 'BUKAN ASNAF', 'SUDAH MENINGGAL', '31413431'),
('65465', 'ISTERI B', '2019-10-09', '', 'PEREMPUAN', '0', '0', '0', 0, 'SPM/MCE', 'ASNAF', '', '3213123'),
('430923015172', 'JAMILAH BINTI IDRIS', '1943-09-23', '', 'PEREMPUAN', 'SRI GADING', '0', 'TIADA', 0, 'SRP/LCE', '', '', '390216015145'),
('570508017132', 'HJH RAHMAH BINTI AHMAD', '1957-05-08', '', 'PEREMPUAN', 'BATU PAHAT', '0126242488', 'SURI RUMAH', 0, 'SPM/MCE', '', '', '430225015597'),
('511226015390', 'SABIDAH BINTI LATIF', '1951-12-26', '', 'PEREMPUAN', 'MUAR', '0177401766', '0', 0, 'SRP/LCE', '', '', '430327015125'),
('490710016264', 'MUNAH BINTI SAPERAN', '1949-07-10', '', 'PEREMPUAN', 'MERSING', '0', 'SURI RUMAH', 0, 'SRP/LCE', '', '', '440918015409'),
('550916715118', 'HAJAH FARIDAH BTE MD. YUSOF', '1955-09-16', '', 'PEREMPUAN', 'SINGAPURA', '0177339332', 'SURI RUMAH', 0, 'SPM/MCE', '', '', '460830035091'),
('570505017380', 'PANANG BT. OTHMAN', '1957-05-05', '', 'PEREMPUAN', 'BATU PAHAT', '0', 'SURI RUMAH', 0, 'SPM/MCE', '', '', '470819015419'),
('590516015872', 'ASNAH BINTI PAIMAN', '1959-05-16', '', 'PEREMPUAN', 'BATU PAHAT', '0127602459', 'SURIRUMAH', 0, 'SRP/LCE', '', '', '480108015585'),
('810817135059', 'SHARILAZMI BIN AMAT', '1981-08-17', '', 'LELAKI', 'KUCHING, SARAWAK', '0127600542', 'CLEANER', 1000, 'SPM/MCE', '', '', '490408015041'),
('551212015898', 'SULIAH BINTI PANGAT', '1955-12-12', '', 'PEREMPUAN', 'PENGIT', '017818258202', 'SURI RUMAH', 0, 'SRP/LCE', '', '', '490729015907'),
('520630015936', 'IASAH BT SAPINYL', '1952-06-30', '', 'PEREMPUAN', 'BATU PAHAT', '0', 'SURI RUMAH', 0, 'SRP/LCE', '', '', '490820015561'),
('560913015828', 'SELMAH BINTI SELAMAT', '1956-09-13', '', 'PEREMPUAN', 'HOSPITAL BATU PAHAT', '0', 'SURIRUMAH', 0, 'SRP/LCE', '', '', '490831015057'),
('721023015062', 'HALIDAH BT MISLAN', '1972-10-23', '', 'PEREMPUAN', 'PT RAJA DARAT', '0', 'SURI RUMAH', 0, 'SPM/MCE', '', '', '501004015601'),
('510901015542', 'ASINAH BINTI BUJANG', '1951-09-01', '', 'PEREMPUAN', 'BATU PAHAT', '0196582421', '0', 0, 'SPM/MCE', '', '', '510216015085'),
('510430015318', 'SADIAH BINTI SURATMAN', '1951-04-30', '', 'PEREMPUAN', 'BATU PAHAT', '0', 'PESARA', 1500, 'SPM/MCE', '', '', '511120015341'),
('650921015798', 'SALINAH BINTI PANGAT', '1965-09-21', '', 'PEREMPUAN', 'KAMPUNG SUNGAI DULANG RENGIT', '0127577960', '0', 0, 'SRP/LCE', '', '', '520306015643'),
('570624017156', 'AJIJAH BTE PANOT', '1957-06-24', '', 'PEREMPUAN', 'PARIT KARJO', '0', 'PEKERJA AM', 1000, 'SRP/LCE', '', '', '520529095003'),
('591201015952', 'HAMIDAH  BINTI AHMAD', '1959-12-01', '', 'PEREMPUAN', 'BATU PAHAT', '0107022587', '0', 0, 'SPM/MCE', '', '', '520722015511'),
('541101015634', 'KALETOM BINTI TOKIMAN', '1954-11-01', '', 'PEREMPUAN', 'SUNGAI BALANG KECIL DARAT', '0', 'KILANG NANAS', 800, 'SRP/LCE', '', '', '521122016021'),
('721202154785', 'ITIK TEST', '1935-07-02', '84', 'PEREMPUAN', 'HUHU', '012325653', 'UHU', 125, 'UPSR', 'ASNAF', '', '5264564'),
('610717015524', 'SAMSIAH BINTI MOHD DON', '1961-07-17', '', 'PEREMPUAN', 'BATU PAHAT', '0177840582', '0', 0, 'SPM/MCE', '', '', '530513015047'),
('570709017120', 'SALEMAH BINTI ABD HAJIS', '1957-07-09', '', 'PEREMPUAN', 'KG PARIT KARJO', '01156591815', 'SURIRUMAH', 0, 'SRP/LCE', '', '', '531112016107'),
('650417015676', 'FATONA BINTI OTHMAN', '1965-04-17', '', 'PEREMPUAN', 'HOSPITAL BATU PAHAT', '0177106652', 'SURI RUMAH', 0, 'SPM/MCE', '', '', '541218015689'),
('PD0466492', 'WARNI', '0000-00-00', '', 'PEREMPUAN', 'INDONEDIA', '0', '0', 0, 'SRP/LCE', '', '', '54122215083'),
('600516015000', 'PARIDAH BINTI AB RAHIM', '1960-05-16', '', 'PEREMPUAN', 'BATU PAHAT', '0', 'SURIRUMAH', 0, 'SPM/MCE', '', '', '550801015543'),
('620815015578', 'RUSILAH BINTI RUBANI', '1962-08-15', '', 'PEREMPUAN', 'BATU PAHAT', '0127296448', 'PENIAGA', 1200, 'SPM/MCE', '', '', '561021016109'),
('0', 'RADIN SHARUDDIN BIN RADIN RAHMAN', '1958-05-01', '', 'LELAKI', 'NEGERI SEMBILAN', '0197463162', 'PESARA', 3500, 'DIPLOMA', '', '', '570209016690'),
('850824016576', 'HELENDA BINTI HUSIN', '1985-08-24', '', 'PEREMPUAN', 'JOHOR', '0137846671', 'SURIRUMAH', 0, 'DIPLOMA', '', '', '570307045591'),
('250126015024', 'TUMINAH BINTI VARNO', '1925-01-26', '', 'PEREMPUAN', '0', '0147744681', '0', 0, 'SRP/LCE', '', '', '570425015238'),
('620606015934', 'ZAWIYAH BINTI SHARIF', '1962-06-06', '', 'PEREMPUAN', 'BATU PAHAT', '0', '0', 0, 'SRP/LCE', '', '', '570914015343'),
('591002015140', 'NORAINI BINTI AHMAD', '1959-10-02', '', 'PEREMPUAN', 'BATU PAHAT', '0137443171', 'PESARA', 2000, 'SPM/MCE', '', '', '571107016221'),
('S0533633C', 'JARIAH BTE JUMA\'AT', '1954-03-31', '', 'PEREMPUAN', 'SINGAPORE', '0', '0', 0, 'SRP/LCE', '', '', '580821015749'),
('620809015932', 'RUSIDAH BINTI KAIMON', '1962-05-09', '', 'PEREMPUAN', 'BATU PAHAT', '0', '0', 0, 'SPM/MCE', '', '', '581108015625'),
('640424016010', 'HAMIDAH BINTI ABDUL RAHIM', '1964-04-24', '', 'PEREMPUAN', 'BATU PAHAT', '0', 'SURI RUMAH', 0, 'SPM/MCE', '', '', '590705016217'),
('720331016126', 'LIZA BINTI SALLEH', '1972-03-31', '', 'PEREMPUAN', 'HOSPITAL', '0177486850', 'PENCUCI', 1000, 'SRP/LCE', '', '', '590731016173'),
('630213015430', 'FATIMAH BINTI AMAN', '1963-02-13', '', 'PEREMPUAN', 'BATU PAHAT', '0127057724', 'SURIRUMAH', 0, 'SPM/MCE', '', '', '590805016169'),
('640813015564', 'FAIZAH BINTI PAIMAN', '1964-08-13', '', 'PEREMPUAN', 'AYER HITAM BATU PAHAT', '0', '0', 0, 'SPM/MCE', '', '', '600905015733'),
('640526016126', 'NOR ASHIKIN BINTI NAIM', '1964-05-26', '', 'PEREMPUAN', 'JOHOR BAHRU', '0128292605', 'PEMBANTU TADBIR', 5251, 'SPM/MCE', '', '', '600909035627'),
('610211015850', 'ZUBAIDAH BINTI DAUD', '1961-02-11', '', 'PEREMPUAN', 'BATU PAHAT', '0', 'SURIRUMAH', 0, 'SRP/LCE', '', '', '601119035651'),
('580125015796', 'AMINAH BINTI BUJANG', '1958-01-25', '', 'PEREMPUAN', 'KG PARIT KARJO', '0177474322', '0', 0, 'SRP/LCE', '', '', '610116015625'),
('731020016288', 'SHARIPAH BINTI DAUD', '1973-10-20', '', 'LELAKI', 'PERPAT', '0', 'SURIRUMAH', 0, 'SPM/MCE', '', '', '610520015483'),
('641107015780', 'ROSNAH BINTI AMAN', '1964-11-07', '', 'PEREMPUAN', 'PARIT KARJO', '0177691025', 'SURI RUMAH', 0, 'SRP/LCE', '', '', '610603015745'),
('750624015234', 'AIDAH BINTI MISDAN', '1975-06-24', '', 'PEREMPUAN', ' KLUANG', '0', 'GURU', 4500, 'SARJANA MUDA', '', '', '611121015237'),
('631116016196', 'ROHANA BINTI SARMIJAN', '1963-11-16', '', 'PEREMPUAN', 'BATU PAHAT', '0197548810', '0', 0, 'SPM/MCE', '', '', '611216015897'),
('630819015152', 'JURAH BINTI AHMAD ', '1963-08-19', '', 'PEREMPUAN', 'SEMERAH, BATU PAHAT', '0197171004', '0', 0, 'SPM/MCE', '', '', '620303016059'),
('690407015572', 'RUSIDAH BINTI HAMZAH', '1969-04-07', '', 'PEREMPUAN', 'KG. PT. KASEH', '0139928385', 'KILANG', 800, 'SPM/MCE', '', '', '620530016147'),
('670101016654', 'NORAINI BINTI BAJURI', '1967-01-01', '', 'PEREMPUAN', 'BATU PAHAT', '0127656054', 'PENCUCI', 1000, 'SPM/MCE', '', '', '620613015369'),
('650814015960', 'ROHAYATI BT JUKI', '1965-08-14', '', 'PEREMPUAN', 'BATU PAHAT', '0123151610', 'PEMBANTU PENYEDIAAN MAKANAN', 2300, 'STPM', '', '', '620813016019'),
('670721086848', 'FARIDAH BINTI MAT RASHID', '1967-07-21', '', 'PEREMPUAN', 'TELOK INTAN, PERAK', '0173723363', 'PESARA TENTERA', 1700, 'SPM/MCE', '', '', '620918016063'),
('590320015504', 'NOORANI AHMAD ', '1959-03-20', '', 'PEREMPUAN', 'KULAI, JOHOR', '0127576329', 'PESARA', 5000, 'PhD', '', '', '630111035841'),
('730708015174', 'MARIAM BINTI SUBARI', '1973-07-08', '', 'PEREMPUAN', 'BATU PAHAT', '0', 'SURI RUMAH', 0, 'SRP/LCE', '', '', '630404015935'),
('630113015660', 'ZALIHA BINTI SAIM', '1963-01-13', '', 'PEREMPUAN', 'HOSPITAL BATU PAHAT', '0175400193', 'SURI RUMAH', 0, 'SPM/MCE', '', '', '630407015893'),
('640306015084', 'NORMA\'IYAH BINTI ARDI', '1964-03-06', '', 'PEREMPUAN', 'PARIT BELEMAM', '0', 'OPERATOR KILANG', 1000, 'SRP/LCE', '', '', '630409015109'),
('690607015358', 'HAMIDAH BINTI SALAMON', '1969-06-07', '', 'PEREMPUAN', 'BATU PAHAT', '0', 'SURIRUMAH', 0, 'SPM/MCE', '', '', '630416016273'),
('750410015225', 'KAMAL BIN JASMAN', '1975-04-10', '', 'LELAKI', 'JOHOR', '0127616641', 'GURU', 0, 'SRP/LCE', '', '', '630501016788'),
('670720015618', 'SITI ZAUYAH BINTI MD. YUSOFF', '1967-07-20', '', 'PEREMPUAN', 'PONTIAN', '01940027434', 'SURI RUMAH', 0, 'SPM/MCE', '', '', '630516016377'),
('670201015528', 'ROSNAH BINTI HASSAN SUNI', '1967-02-01', '', 'PEREMPUAN', 'BATU PAHAT', '0', 'SURI RUMAH', 0, 'SRP/LCE', '', '', '631101016767'),
('650621015710', 'SALMAH BINTI SAKIH', '1965-06-21', '', 'PEREMPUAN', 'BATU PAHAT', '01127667734', 'PEKERJA KILANG', 2000, 'SPM/MCE', '', '', '640327085997'),
('700111085682', 'RUZAINA BINTI KHALID', '1970-01-11', '', 'PEREMPUAN', 'MALIM NAWAR, PERAK', '0137950936', '0', 0, 'SPM/MCE', '', '', '640408016125'),
('620129', 'RUSNI BINTI MD YUSOF', '1962-01-29', '', 'PEREMPUAN', 'BATU PAHAT', '0', 'KANTIN SEKOLAH AGAMA', 500, 'SRP/LCE', '', '', '640511015825'),
('680116016250', 'ASIAH BINTI ISMAIL', '1968-01-16', '', 'PEREMPUAN', 'SRI MENANTI, MUAR', '0193784483', 'PESARA', 1450, 'SPM/MCE', '', '', '640903016325'),
('680115015424', 'MELOR BINTI SALIM', '1968-01-15', '', 'PEREMPUAN', 'BATU PAHAT', '01114807133', 'SURIRUMAH', 0, 'SPM/MCE', '', '', '641102016223'),
('651216015252', 'SITI MULIZAH BINTI OTHMAN', '1965-12-16', '', 'PEREMPUAN', 'BATU PAHAT', '0197624685', 'GURU', 6000, 'SARJANA MUDA', '', '', '650107016331'),
('960816076119', 'MOHAMAD HANIF IQBAL BIN IBRAHIM', '1996-08-16', '', 'LELAKI', 'HOSPITAL BATU PAHAT', '0197737402', 'PEKERJA KILANG', 1300, 'SPM/MCE', '', '', '650827015740'),
('741121015638', 'ZAMZILA BINTI ABU BAKAR', '1974-11-21', '', 'PEREMPUAN', 'SRI LALANG', '0', 'SURI RUMAH', 0, 'SRP/LCE', '', '', '651001016709'),
('700808015320', 'NORIATI BINTI RAKIM', '1970-08-08', '', 'PEREMPUAN', 'BATU PAHAT', '0', 'SURI RUMAH', 0, 'SRP/LCE', '', '', '651208015383'),
('780829015264', 'NOORLIHIDAYU BINTI NADMIN', '1978-08-29', '', 'PEREMPUAN', 'BATU PAHAT', '01156591978', '0', 0, 'SRP/LCE', '', '', '651217015879'),
('670224015176', 'NORHAYATI BINTI MAKMON', '1967-02-24', '', 'PEREMPUAN', 'JOHOR BAHRU', '0107784009', 'SURI RUMAH', 0, 'SPM/MCE', '', '', '660227015535'),
('690426025178', 'NORHAYATI BINTI BAKAR', '1969-04-26', '', 'PEREMPUAN', 'KEDIANG, KEDAH', '0137705671', 'SURI RUMAH', 0, 'SPM/MCE', '', '', '660411015199'),
('670807015522', 'KARTINA BINTI RASID', '1967-08-07', '', 'LELAKI', 'JOHOR', '0126733077', 'GURU', 5000, 'DIPLOMA', '', '', '660606016343'),
('700924015446', 'HANIZAH BINTI ABD. HAMID', '1970-09-24', '', 'PEREMPUAN', 'BATU PAHAT', '0196195300', '0', 0, 'SPM/MCE', '', '', '670225015039'),
('700218015238', 'ROHAYA BINTI MOHAMED ARIFF', '1970-02-18', '', 'PEREMPUAN', 'BATU PAHAT', '0177315261', 'KILANG', 1700, 'STPM', '', '', '670322015241'),
('770417016800', 'NORAZIZAH BINTI UYOS', '1977-04-17', '', 'PEREMPUAN', 'SERI BENGKAL', '0177548945', 'SURI RUMAH', 0, 'SRP/LCE', '', '', '670802015689'),
('671108015296', 'NORAINI BINTI MOHD TOP', '1967-11-08', '', 'PEREMPUAN', 'SG. SUDAH, MUAR', '0178264027', 'PEMBANTU KANTIN', 600, 'SPM/MCE', '', '', '671108015296'),
('701010016906', 'ROSLINA BINTI ABDUL RAHMAN', '1970-10-10', '', 'PEREMPUAN', 'BATU PAHAT', '0173205338', 'PESARA TENTERA', 2200, 'SPM/MCE', '', '', '671229015671'),
('750913135392', 'SALMIAH BINTI OMAR', '1975-09-13', '', 'PEREMPUAN', 'SARAWAK', '0174215006', 'SURI RUMAH', 0, 'SPM/MCE', '', '', '680221016295'),
('751028086596', 'CIK MAZLINA BINTI ABR BAKAR', '1975-10-28', '', 'PEREMPUAN', 'BATU PAHAT', '0192689769', 'SURI RUMAH', 0, 'SPM/MCE', '', '', '680301016041'),
('710115015760', 'ROHAYA BINTI MUSA', '1971-01-15', '', 'PEREMPUAN', 'BATU PAHAT', '0147738916', 'SURI RUMAH', 0, 'SPM/MCE', '', '', '680331015939'),
('680102016786', 'ZAINON BINTI KADIMAN', '1968-01-02', '', 'PEREMPUAN', 'MUAR', '0177976944', 'SURIRUMAH', 0, 'SPM/MCE', '', '', '680603015167'),
('800812065252', 'NORHANA BINTI IBRAHIM', '1980-08-12', '', 'PEREMPUAN', 'TEMERLOH PAHANG', '0127382098', 'SURIRUMAH', 0, 'SPM/MCE', '', '', '680706015821'),
('770902145472', 'SALMI SURAYA BT JAMULADDIN', '1977-09-02', '', 'PEREMPUAN', 'ROMPIN', '0197415551', '0', 0, 'DIPLOMA', '', '', '6811155103'),
('750105015034', 'ROSLINA BINTI YAHYA', '1975-01-05', '', 'PEREMPUAN', 'HOSPITAL BATU PAHAT', '0137879279', 'SURI RUMAH', 0, 'SRP/LCE', '', '', '681210015523'),
('721030016098', 'AZIFA BINTI HAJI ABDULLAH', '1972-10-30', '', 'PEREMPUAN', 'BATU PAHAT', '0197276972', 'GURU', 6000, 'SARJANA', '', '', '690106015675'),
('690512015726', 'NORLIDA BINTI SELAMAT', '1969-05-12', '', 'PEREMPUAN', 'PARIT SAMIJAN', '0194029704', 'SURI RUMAH', 0, 'SPM/MCE', '', '', '690211016135'),
('730501016700', 'HAMIDAH BINTI RAHMAT', '1973-05-07', '', 'PEREMPUAN', '0', '017711184', '0', 0, 'SPM/MCE', '', '', '690703095079'),
('700102025696', 'SHAKILA BINTI AHMAD', '1970-01-02', '', 'PEREMPUAN', 'GURUN, KEDAH', '0137097130', 'PENSYARAH', 6000, 'SARJANA', '', '', '691105016101'),
('730127015182', 'WAHIDAH BINTI SAIAAN', '1973-01-27', '', 'PEREMPUAN', '0', '0108389860', 'SURI RUMAH', 0, 'STPM', '', '', '691107016295'),
('731113015196', 'NORLAILY BINTI JAMADI', '1973-11-13', '', 'PEREMPUAN', 'BATU PAHAT', '0177457899', 'Q.C. ASST SUPERVISOR', 1581.67, 'SPM/MCE', '', '', '691111015957'),
('720313016026', 'MASNAH BINTI UYOS', '1972-03-13', '', 'PEREMPUAN', 'BATU PAHAT', '0177567679', 'PEKERJA KILANG', 1200, 'SPM/MCE', '', '', '691114015039'),
('691118-015634', 'HALIMAH BINTI A. KARIM', '1969-11-18', '', 'PEREMPUAN', 'MUAR', '0108118275', 'SURI RUMAH', 0, 'SPM/MCE', '', '', '691201016347'),
('810721015988', 'MASLINDA BINTI SHAMSUDDIN', '1981-07-21', '', 'PEREMPUAN', 'BATU PAHAT', '0127933684', 'SURI RUMAH', 0, 'SPM/MCE', '', '', '700315016649'),
('710204016352', 'SITI BINTI KASIM', '1971-04-02', '', 'PEREMPUAN', 'RUMAH', '0144563256', 'SURIRUMAH', 0, 'SPM/MCE', '', '', '710603016123'),
('720121016160', 'NOR AZAH BINTI MOHD. SHAH', '1972-01-21', '', 'PEREMPUAN', 'BATU PAHAT', '0', '0', 0, 'SPM/MCE', '', '', '711001015943'),
('711009015462', 'ROHANA BTE AHMAD', '1971-10-09', '', 'PEREMPUAN', 'BATU PAHAT', '0107119253', 'SURI RUMAH', 0, 'SPM/MCE', '', '', '720415015235'),
('640716015474', 'SITI ROSILAH BINTI ROJIHAN', '1964-07-16', '', 'PEREMPUAN', 'MUAR', '0', 'GURU', 1800, 'SPM/MCE', '', '', '720619016475'),
('760419016848', 'NORAZUNA BINTI MANSOR', '1976-04-19', '', 'PEREMPUAN', 'HOSPITAL BATU PAHAT', '0177185123', 'SURI RUMAH', 0, 'SPM/MCE', '', '', '720718015777'),
('770609017242', 'SUHANA BINTI AMAN', '1977-06-09', '', 'PEREMPUAN', 'KG PARIT KARJO', '0137753716', 'SURIRUMAH', 0, 'SPM/MCE', '', '', '720730016051'),
('770425016392', 'JUNAINAH BINTI MUNTAWIL', '1977-04-25', '', 'PEREMPUAN', 'KAMPUNG PARIT LAPIS KADIR', '0137867951', 'SURI RUMAH', 0, 'SPM/MCE', '', '', '720816016343'),
('861221235810', 'YUSNITA BINTI ABU NAIM', '1986-12-21', '', 'PEREMPUAN', 'JOHOR', '0107073215', 'SURI RUMAH', 0, 'SPM/MCE', '', '', '720926016205'),
('720618056545', 'AMINAH TESTT', '1957-08-05', '', 'PEREMPUAN', 'HUHU', '012526366', 'HUHU', 125, 'UPSR', 'ASNAF', '', '721202016343'),
('770612016080', 'ROSZILAWATI BINTI MUHAMAD@SAKIP', '1977-06-12', '', 'PEREMPUAN', 'BATU PAHAT', '0', 'CLEANER', 1000, 'SRP/LCE', '', '', '730121115539'),
('090475015252', 'NORLAILA JAMADI', '1975-04-09', '', 'LELAKI', 'PARIT KARJO', '0197552316', 'PEMBANTU KANTIN', 400, 'SPM/MCE', '', '', '730122015353'),
('740910016452', 'HASLINAH BINTI HAMID', '1974-09-10', '', 'PEREMPUAN', 'MUAR', '0197745500', 'SURI RUMAH', 0, 'SPM/MCE', '', '', '730324016311'),
('720101017940', 'SUHANA BINTI RUBANI', '1972-01-01', '', 'PEREMPUAN', 'BATU PAHAT', '0177959789', 'SURIRUMAH', 0, 'SPM/MCE', '', '', '730825015405'),
('850118015664', 'SITI SUHAILA BINTI SALEHAN', '1985-01-18', '', 'PEREMPUAN', 'PARIT BARU, PARIT RAJA', '0127367551', 'JURUTERA', 5200, 'SARJANA MUDA', '', '', '7310160165135'),
('800910015902', 'SURIANI BINTI HAJI TALIB ', '1980-09-10', '', 'PEREMPUAN', 'BATU PAHAT JOHOR', '0176136650', 'SURI RUMAH', 0, 'SPM/MCE', '', '', '741017017027'),
('8204290153', 'SITI RAFIDAH BINTI BAKRI', '1928-04-29', '', 'LELAKI', 'BATU PAHAT', '0137708405', 'KERANI', 1600, 'SPM/MCE', '', '', '750103015583'),
('730102016922', 'ROSAILA BINTI JUKI', '1973-01-02', '', 'PEREMPUAN', 'BATU PAHAT', '01115628925', 'SURI RUMAH', 0, 'SPM/MCE', '', '', '750404055351'),
('790617015800', 'RAFIDAH BINTI ABU BAKAR', '1979-06-17', '', 'PEREMPUAN', 'MUAR, JOHOR', '01110679306', 'GURU', 6542.81, 'SARJANA MUDA', '', '', '750410015225'),
('790103015192', 'YUSLINA BINTI ABU NAIM', '1979-01-03', '', 'PEREMPUAN', 'PARIT KARJO', '0177331892', 'SURIRUMAH', 0, 'SPM/MCE', '', '', '750518017177'),
('780731015186', 'HASLENDA BINTI SALIMAN', '1978-07-31', '', 'PEREMPUAN', 'BATU PAHAT', '0127626943', 'SURI RUMAH', 127627000, 'SPM/MCE', '', '', '750610016695'),
('721127016414', 'JULIDAH BINTI NASRAN', '0000-00-00', '', 'PEREMPUAN', 'HOSPITAL BATU PAHAT', '0104204631', '0', 0, 'SPM/MCE', '', '', '751002017293'),
('770906015796', 'JULIANA BINTI SUBARI', '1977-09-06', '', 'PEREMPUAN', 'PARIT RAJA', '0137140566', 'SURI RUMAH', 0, 'SPM/MCE', '', '', '751007016505'),
('730531016082', 'SITI JULIAH BINTI NOR', '1973-05-31', '', 'PEREMPUAN', 'BATU PAHAT', '0168060677', 'PEKERJA AM', 800, 'SPM/MCE', '', '', '751215125677'),
('780101016344', 'ANITA BINTI ZAHAD', '1978-01-01', '', 'PEREMPUAN', 'PARIT SAMIJAN', '0177314016', 'SURI RUMAH', 0, 'DIPLOMA', '', '', '751226016441'),
('840515016282', 'NOORFAIZAWATI BINTI OMAR', '1984-05-15', '', 'PEREMPUAN', 'BATU PAHAT', '01113240284', 'OPERATOR QC', 2800, 'DIPLOMA', '', '', '760222016465'),
('720102016348', 'MAIMUNAH BINTI DERIS', '1972-01-02', '', 'PEREMPUAN', 'PARIT RAJA', '0123654789', 'TUKANG CUCI', 200, 'SPM/MCE', '', '', '760412016343'),
('820608016750', 'NOOR DIYANA BINTI SALLEH', '1982-06-08', '', 'PEREMPUAN', 'JOHOR BHARU', '0', 'GURU', 3500, 'SARJANA MUDA', '', '', '760717015157'),
('750805016804', 'RAHIMAH BINTI ROSMIN', '1975-08-05', '', 'PEREMPUAN', 'BATU PAHAT', '0197733332', 'KERANI KWSP', 5000, 'SPM/MCE', '', '', '760907015297'),
('762211085564', 'HAZLISA BINTI HUSIN', '1976-11-22', '', 'PEREMPUAN', 'PANTAI REMIS, PERAK', '0197456401', 'SURIRUMAH', 0, 'SPM/MCE', '', '', '770403016279'),
('761207016760', 'MARYAM BINTI HUSNI', '1976-12-07', '', 'PEREMPUAN', 'BATU PAHAT', '0137787500', 'PENOLONG PENDAFTAR', 3500, 'SARJANA MUDA', '', '', '770524016275'),
('810924015638', 'NORASIKIN BINTI JAMIAN', '1981-09-24', '', 'PEREMPUAN', 'BATU PAHAT', '0137441143', '0', 0, 'DIPLOMA', '', '', '770611016281'),
('770818016318', 'MARHANA BINTI AHMAD', '1977-08-18', '', 'PEREMPUAN', 'BATU PAHAT', '0103004647', 'SURI RUMAH', 0, 'SPM/MCE', '', '', '770728016955'),
('770310016894', 'KAMARIAH BINTI MOHAMAD', '1977-03-10', '', 'PEREMPUAN', 'HOSPITAL DAERAH MUAR', '0177253139', 'PEKERJA AM', 1100, 'SRP/LCE', '', '', '771112016345'),
('800720016090', 'NORASHIKIN BINTI MOHD YUSOF', '1980-07-20', '', 'PEREMPUAN', 'HOSPITAL BATU PAHAT', '0137254199', 'OPERATOR', 1200, 'SPM/MCE', '', '', '771130016621'),
('751220015296', 'LIZA BINTI ABU NAIM', '1975-12-20', '', 'PEREMPUAN', 'PARIT SEMPADAN', '0', '0', 0, 'SRP/LCE', '', '', '771204015817'),
('801011016068', 'NORLIZA BTE BACHOK@BEDU', '1980-10-11', '', 'PEREMPUAN', 'KG RUNGGUR MESJID', '01120755810', 'SURI RUMAH', 0, 'SPM/MCE', '', '', '780127015219'),
('780806015640', 'FARIDAH BINTI MAT SAID', '1978-08-06', '', 'PEREMPUAN', 'KULAI, JOHOR', '0127392957', 'GURU', 4500, 'SARJANA MUDA', '', '', '780211017161'),
('840421015940', 'NORLIANA BINTI JAMADI', '1984-04-21', '', 'PEREMPUAN', 'BATU PAHAT', '01113176567', 'SURIRUMAH', 0, 'SPM/MCE', '', '', '780920015513'),
('820301016190', 'SALINA BINTI SANIP', '1982-03-01', '', 'PEREMPUAN', 'BATU PAHAT', '0177997159', 'SURIRUMAH', 0, 'SPM/MCE', '', '', '781022015137'),
('831019015294', 'ERNIYATI BINTI HASSIM', '1983-10-11', '', 'PEREMPUAN', 'PONTIAN', '0127013956', 'PEMBANTU TADBIR', 1961.22, 'DIPLOMA', '', '', '790718015121'),
('840731015460', 'JULIZA BINTI ABU SAMAD', '1984-07-31', '', 'PEREMPUAN', 'BATU PAHAT', '0127573977', '0', 0, 'SPM/MCE', '', '', '790814017071'),
('790430015026', 'SALBIAH BINTI SUBARI', '1979-04-30', '', 'PEREMPUAN', 'BATU PAHAT JOHOR', '0193316400', 'PENGURUS', 10000, 'SARJANA MUDA', '', '', '791008085779'),
('900516016796', 'SHARIFAH ZAHARAH BINTI MOHAMAD', '1990-05-16', '', 'PEREMPUAN', 'HOSPITAL BATU PAHAT', '017700532', 'KILANG', 1000, 'SPM/MCE', '', '', '791220015911'),
('840528015350', 'NOR LAILATUL AZUAR BINTI JAIMON', '1984-05-28', '', 'PEREMPUAN', 'BATU PAHAT', '01115356027', 'SURI RUMAH', 0, 'SPM/MCE', '', '', '800929016139'),
('831121015928', 'NORLINDA BINTI HARUN', '1983-11-22', '', 'PEREMPUAN', 'HOSPITAL BATU PAHAT', '0177876234', '0', 0, 'SPM/MCE', '', '', '801104016657'),
('840605015654', 'SITI NORHANIFAH BINTI SAHARI', '1984-06-05', '', 'PEREMPUAN', 'KAMPUNG PARIT SIKON LAUT', '0109890321', 'SURI RUMAH', 0, 'SPM/MCE', '', '', '810411015755'),
('790805015082', 'FUZI BINTI AHMAD', '1979-08-05', '', 'PEREMPUAN', 'BATU PAHAT', '01139750856', 'SURI RUMAH', 0, 'SPM/MCE', '', '', '820413016187'),
('860423236964', 'RAZIMAH BINTI MOHD WAZIR', '1986-04-23', '', 'PEREMPUAN', 'HOSPITAL BATU PAHAT', '0127118302', 'SURI RUMAH', 0, 'SPM/MCE', '', '', '820615016425'),
('850325016320', 'SITI MARIAM B. ISMAIL', '1985-03-25', '', 'PEREMPUAN', 'HOSPITAL BATU PAHAT', '0177182026', 'SURI RUMAH', 0, 'SPM/MCE', '', '', '820709015765'),
('820926017054', 'MAISARAH BINTI ZAINAL ABIDIN', '1982-09-26', '', 'PEREMPUAN', 'BATU PAHAT', '0197996587', 'DOKTOR PERGIGIAN', 8000, 'SARJANA MUDA', '', '', '821212016345'),
('A7637550', 'SAMIDAH BINTI SANIWERDJA', '1979-04-12', '', 'PEREMPUAN', 'INDONESIA', '0123629571', 'SURIRUMAH', 0, 'SRP/LCE', '', '', '830221015015'),
('840417015534', 'SUZANA BINTI KHANAPI', '1984-04-17', '', 'PEREMPUAN', 'BATU PAHAT', '0177164823', 'SAJ', 2800, 'DIPLOMA', '', '', '830331015729'),
('810620015604', 'NOR FAIZZAH BTE BUNIRAM', '1981-06-20', '', 'PEREMPUAN', 'PONTIAN', '0197446321', 'JABATAN KERJA RAYA', 2500, 'SARJANA MUDA', '', '', '830406015345'),
('830315016342', 'SALBYAH BINTI ABDUL SHUKOR', '1983-03-15', '', 'PEREMPUAN', 'BATU PAHAT', '0197042784', 'BERNIAGA', 1000, 'SPM/MCE', '', '', '830507105673'),
('910916045042', 'HAZIRAH BINTI BUJANG', '1991-09-16', '', 'PEREMPUAN', 'MELAKA', '0176375102', 'SURI RUMAH', 0, 'SARJANA', '', '', '830510045149'),
('870604015254', 'ZARINA BINTI NASOHA', '1987-06-04', '', 'PEREMPUAN', 'BATU PAHAT', '0177855343', 'GURU', 3500, 'SARJANA MUDA', '', '', '840402016083'),
('851213035502', 'SITI NORAYU BT MOHD RASHID', '1985-12-13', '', 'PEREMPUAN', 'KOTA BHARU, KELANTAN', '0104031312', 'BERNIAGA SENDIRI', 1000, 'SARJANA MUDA', '', '', '841011035935'),
('850106015800', 'ROHANI BINTI SAMAT', '1985-01-06', '', 'PEREMPUAN', 'BATU PAHAT', '0177893259', 'GURU TABIKA', 2000, 'SARJANA MUDA', '', '', '841031016029'),
('810805016080', 'ELIZA BINTI M. YUSUP', '1981-08-05', '', 'PEREMPUAN', 'RENGGAM, JOHOR', '0197948605', 'PENSYARAH', 1, 'PhD', '', '', '850114016125'),
('520111015782', 'NORIAH BTE ABD GHANI', '1952-01-11', '', 'PEREMPUAN', 'TONGKANG PECHAH', '0177050556', 'SURI RUMAH', 1000, 'SRP/LCE', '', '', '850120035429'),
('840619045248', 'NORSARAH BINTI MOHD TEMIRI', '1984-06-19', '', 'PEREMPUAN', 'MELAKA', '0197595993', 'EKSEKUTIF', 2500, 'SARJANA MUDA', '', '', '850531115757'),
('811102015908', 'NOOR HAPIZAH BINTI MD JAMIL', '1981-11-02', '', 'PEREMPUAN', 'MUAR', '0196663718', 'GURU', 5000, 'SARJANA MUDA', '', '', '850817045053'),
('860915496156', 'NUR\'AIN BINTI IDRIS', '1986-09-15', '', 'PEREMPUAN', 'SANDAKAN ', '0132627303', 'SURI RUMAH', 0, 'PhD', '', '', '850925016567'),
('850315055122', 'SITI NUR ASYIKIN BT OTHMAN', '1985-03-15', '', 'PEREMPUAN', 'NEGERI SEMBILAN', '0137339191', 'SURI RUMAH', 0, 'SARJANA MUDA', '', '', '851105016101'),
('870703025730', 'NURUL AWATIF BINTI MORAZUKI', '1987-07-03', '', 'PEREMPUAN', 'HOSPITAL ALOR STAR', '0196563787', 'GURU', 4000, 'SARJANA MUDA', '', '', '860109565145'),
('890201015194', 'SITI FARADILLA BINTI PAYE', '1989-02-01', '', 'PEREMPUAN', 'BATU PAHAT', '0108190663', 'SURI RUMAH', 0, 'SPM/MCE', '', '', '860218235479'),
('860617235628', 'SALINA BINTI SALIM', '1986-06-17', '', 'PEREMPUAN', 'KAMPUNG PARIT DAUN', '0137516275', 'TIADA', 0, 'SRP/LCE', '', '', '860327236665'),
('900411015690', 'NURUL WAHIZATUL NAZIRA BINTI WAHID', '1990-11-04', '', 'PEREMPUAN', 'HOSPITAL BATU PAHAT', '0127838651', 'HC DURAC IEAN @ SEKATA RAKYAT', 1000, 'SPM/MCE', '', '', '861225235957'),
('880514015452', 'NORASHIKIN BINTI JOHARI', '1988-05-14', '', 'PEREMPUAN', 'BATU PAHAT', '0137117287', 'PERPUSTAKAWAN', 3000, 'SARJANA MUDA', '', '', '870101146287'),
('920210016016', 'NORMIRA BINTI TAMYIS', '1992-02-18', '', 'PEREMPUAN', 'BATU PAHAT', '0136646524', 'SURI RUMAH', 0, 'DIPLOMA', '', '', '870316015399'),
('870822055342', 'NURASLINDA BINTI ABD RAHIM', '1987-08-22', '', 'PEREMPUAN', 'SEREMBAN', '0107177829', 'SURI RUMAH', 0, 'SPM/MCE', '', '', '871202015379'),
('920430016216', 'NURUL ROZAIMAH NADIA BINTI WAHID', '1992-04-30', '', 'LELAKI', 'PT LAPIS SERI DALAM', '0197813556', 'PEKERJA KILANG', 1100, 'SPM/MCE', '', '', '890902015285'),
('930321016240', 'HANI SURAYA BINTI ISMAIL', '1993-03-21', '', 'PEREMPUAN', 'BATU PAHAT', '0196401075', 'JURURAWAT', 2412.59, 'DIPLOMA', '', '', '930621016701'),
('950908015798', 'FARRAH NASUHA BINTI WAHID', '1995-09-08', '', 'PEREMPUAN', 'KAMPUNG PARIT LAPIS SRI DALAM', '0137828354', 'KERANI', 1150, 'DIPLOMA', '', '', '950926026247'),
('991216016694', 'NORFATIHAH BINTI RAHMAN', '1999-12-16', '', 'PEREMPUAN', 'HOSPITAL BATU PAHAT', '0', 'SURI RUMAH', 0, 'SPM/MCE', '', '', '960806015497');

-- --------------------------------------------------------

--
-- Table structure for table `ketua_keluarga`
--

CREATE TABLE `ketua_keluarga` (
  `no_kp` varchar(14) NOT NULL,
  `nama` varchar(100) NOT NULL,
  `tarikh_lahir` date NOT NULL,
  `ketua_umur` varchar(255) NOT NULL,
  `jantina` varchar(10) NOT NULL,
  `tempat_lahir` varchar(100) NOT NULL,
  `keturunan` varchar(100) NOT NULL,
  `taraf_kahwin` varchar(15) NOT NULL,
  `agama` varchar(10) NOT NULL,
  `no_hp` varchar(15) NOT NULL,
  `emel` varchar(50) DEFAULT NULL,
  `pekerjaan` varchar(50) NOT NULL,
  `pendapatan` float NOT NULL,
  `pendidikan` varchar(50) NOT NULL,
  `jumlah_anak` int(11) NOT NULL,
  `alamat_1` varchar(100) NOT NULL,
  `alamat_2` varchar(100) NOT NULL,
  `poskod` varchar(10) NOT NULL,
  `bandar` varchar(50) NOT NULL,
  `negeri` varchar(50) NOT NULL,
  `luas_tanah` varchar(50) DEFAULT NULL,
  `kilang_kedai` varchar(50) DEFAULT NULL,
  `jumlah_kereta` int(11) DEFAULT NULL,
  `jumlah_motosikal` int(11) DEFAULT NULL,
  `jumlah_lori` int(11) DEFAULT NULL,
  `jumlah_bas` int(11) DEFAULT NULL,
  `ketua_mukim` int(11) NOT NULL,
  `asnaf` varchar(255) NOT NULL,
  `ketua_surau` varchar(255) NOT NULL,
  `ketua_masjid` varchar(255) NOT NULL,
  `ketua_status` varchar(255) NOT NULL
) ENGINE=InnoDB DEFAULT CHARSET=utf8;

--
-- Dumping data for table `ketua_keluarga`
--

INSERT INTO `ketua_keluarga` (`no_kp`, `nama`, `tarikh_lahir`, `ketua_umur`, `jantina`, `tempat_lahir`, `keturunan`, `taraf_kahwin`, `agama`, `no_hp`, `emel`, `pekerjaan`, `pendapatan`, `pendidikan`, `jumlah_anak`, `alamat_1`, `alamat_2`, `poskod`, `bandar`, `negeri`, `luas_tanah`, `kilang_kedai`, `jumlah_kereta`, `jumlah_motosikal`, `jumlah_lori`, `jumlah_bas`, `ketua_mukim`, `asnaf`, `ketua_surau`, `ketua_masjid`, `ketua_status`) VALUES
('12457896987', 'PAKCIK TUA TEST', '1970-02-02', '49', 'LELAKI', 'UUHUHU', 'MELAYU', 'BUJANG', 'ISLAM', '012354686', '0', 'HUHUH', 123, 'TIDAK BERSEKOLAH', 2, 'JKJH', 'KJJH', '86400', 'JKHIH', 'KJJHJ', '10', 'JK', 2, 2, 2, 2, 10, 'ASNAF', '0', 'MASJID UTHM', 'SUDAH MENINGGAL'),
('135361292', 'TOSO ABDUL LATIP BIN SUDIHARJO', '1971-09-10', '0', 'LELAKI', 'INDONESIA', 'LAIN-LAIN', 'BERKAHWIN', 'ISLAM', '0127647567', '0', 'BURUH', 1500, 'UPSR', 2, 'PS 41/6 6182, JALAN KLUANG,', 'PT SAMIJAN, PARIT RAJA,', '86400', 'BATU PAHAT', 'JOHOR', '0', '0', 2, 2, 0, 0, 12, '', '', '', ''),
('213123', 'MAKCIK KETUA KELUARGA TEST', '1980-02-25', '39', 'PEREMPUAN', '0', 'MELAYU', 'BUJANG', 'ISLAM', '0', '0', '0', 0, 'TIDAK BERSEKOLAH', 0, '0', '0', '0', '0', '0', '0', '0', 0, 0, 0, 0, 10, 'BUKAN ASNAF', 'SURAU AL IKHLAS', 'MASJID UTHM', ''),
('21312312', 'A', '2019-10-08', '0', 'LELAKI', '0', 'MELAYU', 'JANDA', 'BUDHA', '0', '0', '0', 0, 'TIDAK BERSEKOLAH', 0, '0', '0', '0', '0', '0', '0', '0', 0, 0, 0, 0, 14, 'BUKAN ASNAF', '', '', ''),
('261219015107', 'RUBANI BIN HJ OSMAN', '1926-12-19', '0', 'LELAKI', 'BATU PAHAT', 'MELAYU', 'DUDA', 'ISLAM', '0', '0', '0', 0, 'SRP/LCE', 6, 'NO 29, KAMPUNG PARIT SAMIJA MK 8, 86400 PARIT RAJA BATU PAHAT, JOHOR', '0', '86400', 'BATU PAHAT', 'JOHOR', '0', '0', 0, 0, 0, 0, 12, '', '', '', ''),
('31413431', 'A', '2019-10-16', '0', 'LELAKI', '0', 'MELAYU', 'BERKAHWIN', 'HINDU', '0', '0', '0', 0, 'STPM', 0, '0', '0', '0', '0', '0', '0', '0', 0, 0, 0, 0, 14, 'ASNAF', 'TIADA DATA', 'TIADA DATA', 'SUDAH MENINGGAL'),
('3213123', 'B', '2019-10-08', '0', 'LELAKI', '0', 'MELAYU', 'BERKAHWIN', 'KRISTIAN', '0', '0', '0', 0, 'SPM/MCE', 0, '0', '0', '0', '0', '0', '0', '0', 0, 0, 0, 0, 11, 'ASNAF', '', '', ''),
('390216015145', 'KASIM BIN KARDI', '1939-02-16', '0', 'LELAKI', 'BATU PAHAT', 'MELAYU', 'BERKAHWIN', 'ISLAM', '0142681876', '0', 'TIADA', 300, 'SRP/LCE', 1, 'S. TANJONG SEMBROG', '0', '86400', 'BATU PAHAT', 'JOHOR', '0', '0', 0, 1, 0, 0, 12, '', '', '', ''),
('420923015050', 'AMINAH BINTI IDRIS', '1942-09-23', '0', 'PEREMPUAN', 'HOSPITAL BATU PAHAT', 'MELAYU', 'JANDA', 'ISLAM', '0', '0', 'BURUH', 500, 'SRP/LCE', 1, 'KM 17 KG PARIT SAMIJAN', 'PARIT RAJA', '86400', 'BATU PAHAT', 'JOHOR', '0', '0', 0, 0, 0, 0, 12, '', '', '', ''),
('430225015597', 'SALIM BIN HAJI MARDI', '1943-02-25', '0', 'LELAKI', 'BATU PAHAT', 'MELAYU', 'BERKAHWIN', 'ISLAM', '0126242488', '0', 'PESARA GURU BESAR', 2000, 'DIPLOMA', 5, 'TIANG LAMPU 11, KAMPUNG PARIT SAMIJAN, 86400 PARIT RAJA BATU PAHAT', '0', '86400', 'BATU PAHAT', 'JOHOR', '2 1/2 EKAR', '0', 2, 0, 0, 0, 12, '', '', '', ''),
('430327015125', 'ZAHADI B ZOHDI SADNIZON', '1943-03-27', '0', 'LELAKI', 'BAKRI', 'MELAYU', 'BERKAHWIN', 'ISLAM', '0', '0', '0', 0, 'SRP/LCE', 6, 'POS 25, KG PT SAMIJAN, MK 8,', 'BATU 10 1 1/2, PARIT RAJA', '86400', 'BATU PAHAT', 'JOHOR', '0', '0', 0, 1, 0, 0, 12, '', '', '', ''),
('440331015363', 'SARAPAH BINTI MARJUKI', '1944-03-31', '0', 'PEREMPUAN', 'PARIT SULUNG', 'MELAYU', 'JANDA', 'ISLAM', '0177763858', '0', '0', 0, 'SRP/LCE', 0, 'KG PARIT SAMIJAN', 'PARIT RAJA', '86400', 'BATU PAHAT', 'JOHOR', '0', '0', 0, 0, 0, 0, 12, '', '', '', ''),
('440918015409', 'MUHAMAD @ SAKIP BIN MUKIAT', '1944-09-18', '0', 'LELAKI', 'BATU PAHAT', 'MELAYU', 'BERKAHWIN', 'ISLAM', '0177450549', '0', 'TIDAK BEKERJA ', 0, 'SRP/LCE', 7, '87, KAMPUNG PARIT SAMIJAN, MK8, PARIT RAJA', '0', '86400', 'BATU PAHAT', 'JOHOR', '0', '0', 0, 0, 0, 0, 12, '', '', '', ''),
('460830035091', 'MOHAMED BIN ABDULLAH', '1946-08-30', '0', 'LELAKI', 'KELANTAN', 'MELAYU', 'BERKAHWIN', 'ISLAM', '0197672757', '0', 'PESARA', 2500, 'SARJANA MUDA', 6, 'POS LL, PARIT KARJO,', 'PARIT RAJA,', '86400', 'BATU PAHAT', 'JOHOR', '1 EKAR', '0', 1, 1, 0, 0, 11, '', '', '', ''),
('470624015603', 'SANI BIN HASSAN', '1947-06-24', '0', 'LELAKI', 'BATU PAHAT', 'MELAYU', 'DUDA', 'ISLAM', '0192079658', '0', 'PESARA', 1000, 'SRP/LCE', 0, 'KAMPUNG PARIT SAMIJAN', '0', '86400', 'BATU PAHAT', 'JOHOR', '0', '0', 0, 0, 0, 0, 12, '', '', '', ''),
('470819015419', 'MOHD HARON B. ABD RAHMAN', '1947-08-19', '0', 'LELAKI', 'BATU PAHAT', 'MELAYU', 'BERKAHWIN', 'ISLAM', '0177953932', '0', 'BERKEBUN', 300, 'SPM/MCE', 5, 'KAMPONG PARIT KERAJO,', 'MUKIM8, PARIT RAJA,', '86400', 'BATU PAHAT', 'JOHOR', '0', '0', 0, 0, 0, 0, 11, '', '', '', ''),
('480108015585', 'MAHAT BIN BUJANG', '1948-01-08', '0', 'LELAKI', 'BATU PAHAT', 'MELAYU', 'BERKAHWIN', 'ISLAM', '0127602459', '0', 'PESARA KERAJAAN', 1000, 'SRP/LCE', 5, 'POS 25, KG PARIT KARJO', 'MUKIM 8, PARIT RAJA', '86400', 'BATU PAHAT', 'JOHOR', '0', '0', 0, 0, 0, 0, 11, '', '', '', ''),
('480401015314', 'HAMSIAH BINTI TOMO', '1948-04-01', '0', 'PEREMPUAN', 'BATU PAHAT', 'MELAYU', 'BUJANG', 'ISLAM', '0127403375', '0', '0', 0, 'SRP/LCE', 0, 'NO 55, TIANG LAMPU PS 42 PARIT SAMIJAN, PARIT RAJA 86400 BATU PAHAT JOHOR', '0', '86400', 'BATU PAHAT', 'JOHOR', '0', '0', 0, 0, 0, 0, 12, '', '', '', ''),
('490408015041', 'AMAT BIN JAPAN', '1949-04-08', '0', 'LELAKI', 'MUAR, JOHOR', 'MELAYU', 'DUDA', 'ISLAM', '0197087120', '0', 'PESARA TENTERA', 1564.81, 'SPM/MCE', 4, 'KAMPUNG PARIT SAMIJAN', '0', '86400', 'BATU PAHAT', 'JOHOR', '3 EKAR', '0', 0, 1, 0, 0, 12, '', '', '', ''),
('490729015907', 'SHAHARI BIN SURAIMAN', '1949-07-29', '0', 'LELAKI', '0', 'MELAYU', 'BERKAHWIN', 'LAIN-LAIN', '0', '0', 'TIDAK BEKERJA', 0, 'SRP/LCE', 4, 'KAMPUNG PARIT SAMIJAN, MUKIM 8', '0', '86400', 'BATU PAHAT', 'JOHOR', '0', '0', 0, 0, 0, 0, 12, '', '', '', ''),
('490820015561', 'TAIB B ALIAS', '1949-08-20', '0', 'LELAKI', 'BATU PAHAT', 'MELAYU', 'BERKAHWIN', 'ISLAM', '0142774583', '0', '0', 0, 'SRP/LCE', 2, 'POS 62, KG PARIT KARJO,', 'PARIT RAJA,', '86400', 'BATU PAHAT', 'JOHOR', '1.5 EKAR', '0', 0, 2, 0, 0, 11, '', '', '', ''),
('490831015057', 'MANSOOR MOHD SAIRI', '1949-08-31', '0', 'LELAKI', 'HOSPITAL JOHOR', 'MELAYU', 'BERKAHWIN', 'ISLAM', '0199541070', '0', 'PESARA', 900, 'SRP/LCE', 6, 'KG PARIT SAMIJAN', 'PARIT RAJA', '86400', 'BATU PAHAT', 'JOHOR', '0', '0', 0, 2, 0, 0, 12, '', '', '', ''),
('491109015425', 'MASRI BIN LAMON', '1949-11-09', '0', 'LELAKI', 'BATU PAHAT', 'MELAYU', 'BUJANG', 'ISLAM', '0127145988', '0', 'CLEANER', 1000, 'SRP/LCE', 0, 'NO-7, LORONG SINGGAH SANA, PARIT KARJO, PARIT RAJA', '0', '86400', 'BATU PAHAT', 'JOHOR', '0', '0', 0, 0, 0, 0, 11, '', '', '', ''),
('501004015601', 'BUNYAMIN BIN NAN', '1950-10-04', '0', 'LELAKI', 'PT SEMPADAN', 'MELAYU', 'BERKAHWIN', 'ISLAM', '0137885506', '0', 'PESARA', 700, 'SRP/LCE', 2, '0', '0', '0', '0', '0', '0', '0', 0, 0, 0, 0, 11, '', '', '', ''),
('510216015085', 'JAMADI BIN SANUSI', '1951-02-16', '0', 'LELAKI', 'BATU PAHAT', 'MELAYU', 'BERKAHWIN', 'ISLAM', '0195902316', '0', '0', 600, 'SRP/LCE', 7, 'NO 34, KAMPUNG PARIT KARJO,', ' MUKIM 8, PARIT RAJA', '86400', 'BATU PAHAT', 'JOHOR', '0', '0', 1, 2, 0, 0, 11, '', '', '', ''),
('510301015696', 'ROHAYAH BINTI HISYAM', '1951-03-01', '0', 'PEREMPUAN', 'BATU PAHAT', 'MELAYU', 'BERKAHWIN', 'ISLAM', '0178070395', '0', '0', 400, 'UPSR', 3, 'KAMPUNG PARIT SAMIJAN MUKIM 8, 86400 PARIT RAJA', '0', '86400', 'BATU PAHAT', 'JOHOR', '0', '0', 0, 0, 0, 0, 12, '', '', '', ''),
('511120015341', 'SATIMAN BIN RANOH', '1951-11-20', '0', 'LELAKI', 'BATU PAHAT', 'MELAYU', 'BERKAHWIN', 'ISLAM', '0177342540', '0', 'PESARA', 3000, 'SPM/MCE', 3, '24 KG PARIT KARJO', 'PARIT RAJA', '86400', 'BATU PAHAT', 'JOHOR', '4.5 EKAR', '0', 1, 1, 0, 0, 11, '', '', '', ''),
('511123015654', 'NGASAH BINTI AHMAD ', '1951-11-23', '0', 'PEREMPUAN', 'BATU PAHAT', 'MELAYU', 'JANDA', 'ISLAM', '0127627939', '0', 'CLEANER', 1000, 'SRP/LCE', 0, 'KG PARIT SAMIJAN,', 'MK8, PARIT RAJA,', '86400', 'BATU PAHAT', 'JOHOR', '0', '0', 0, 0, 0, 0, 12, '', '', '', ''),
('520306015643', 'RAHMAN BIN SIDEK', '1952-03-06', '0', 'LELAKI', 'KAMPUNG PARIT SAMIJAN', 'MELAYU', 'BERKAHWIN', 'ISLAM', '0127577960', '0', '0', 0, 'SRP/LCE', 5, 'KAMPUNG PARIT SAMIJAN MK 8, 86400 PARIT RAJA, BATU PAHAT, JOHOR', '0', '86400', 'BATU PAHAT', 'JOHOR', '0', '0', 1, 1, 0, 0, 12, '', '', '', ''),
('520529095003', 'ABD RAHIM B. ABD RAHMAN', '1952-05-29', '0', 'LELAKI', 'KANGAR, PERLIS', 'MELAYU', 'BERKAHWIN', 'ISLAM', '0137030444', '0', '0', 0, 'SRP/LCE', 6, 'KAMPUNG PARIT KARJO, LORONG SIANTAN,', 'MK 8, PARIT RAJA,', '86400', 'BATU PAHAT', 'JOHOR', '0', '0', 0, 5, 0, 0, 11, '', '', '', ''),
('520722015511', 'JAMARI BIN JANI', '1952-07-22', '0', 'LELAKI', 'BATU PAHAT', 'MELAYU', 'BERKAHWIN', 'ISLAM', '0127575452', '0', '0', 0, 'SRP/LCE', 8, 'KAMPUNG PARIT SAMIJAN, MUKIM 8, PARIT RAJA', '0', '86400', 'BATU PAHAT', 'JOHOR', '0', '0', 0, 0, 0, 0, 12, '', '', '', ''),
('521122016021', 'TALIB BIN ABD RAHMAN', '1952-11-22', '0', 'LELAKI', 'PARIT NO 5, JALAN YUSOF MUAR', 'MELAYU', 'BERKAHWIN', 'ISLAM', '0147739276', '0', '0', 0, 'SRP/LCE', 5, 'NO 6, LORONG HIKMAH 1, KAMPUNG PARIT SAMIJAN, PARIT RAJA, 86400, BATU PAHAT, JOHOR', '0', '86400', 'BATU PAHAT', 'JOHOR', '0', '0', 0, 1, 0, 0, 12, '', '', '', ''),
('5264564', 'AYAM TEST', '1997-01-02', '22', 'LELAKI', 'KBHJB', 'MELAYU', 'BUJANG', 'ISLAM', '012326352', '0', 'JKHJK`', 23132, 'TIDAK BERSEKOLAH', 1, 'M,JKH', 'JHKH', '84454', 'M,BM', 'NMNMB', '2', 'HJH', 2, 2, 2, 2, 10, 'ASNAF', 'SURAU AL IKHLAS', 'MASJID UTHM', ''),
('530513015047', 'MD SARMAN BIN AHMAD', '1953-05-13', '0', 'LELAKI', 'PARIT SEMARANG', 'LAIN-LAIN', 'BERKAHWIN', 'ISLAM', '0177001580', '0', 'BURUH', 950, 'SPM/MCE', 6, '0', '0', '86400', 'BATU PAHAT', 'JOHOR', '0', '0', 0, 0, 0, 0, 11, '', '', '', ''),
('530521015514', 'SABIAH @ SALBIAH BINTI JUFARI', '1953-05-21', '0', 'PEREMPUAN', 'BATU PAHAT', 'MELAYU', 'BERKAHWIN', 'ISLAM', '0139690046', '0', 'TIDAK BEKERJA', 0, 'SRP/LCE', 0, 'TIANG LAMPU 49, KAMPUNG PARIT SAMIJAN, MUKIM 8, PARIT RAJA', '0', '86400', 'BATU PAHAT', 'JOHOR', '0', '0', 0, 0, 0, 0, 12, '', '', '', ''),
('530820015960', 'ZAINAB BINTI HJ MIJIR', '1953-08-20', '0', 'PEREMPUAN', 'BATU PAHAT', 'MELAYU', 'JANDA', 'ISLAM', '0127838583', '0', 'SURI RUMAH', 300, 'SRP/LCE', 2, 'KAMPUNG PARIT SAMIJAN, LORONG HIKMAH 8,', 'MK 8, PARIT RAJA,', '86400', 'BATU PAHAT', 'JOHOR', '0', '0', 0, 0, 0, 0, 12, '', '', '', ''),
('531112016107', 'MUD SUKOR BIN RAHMAT', '1953-11-12', '0', 'LELAKI', 'KG PARIT BARING', 'MELAYU', 'BERKAHWIN', 'ISLAM', '0127964704', '0', 'BERNIAGA', 1300, 'SRP/LCE', 4, 'KG PARIT KARJO MUKIM 8', 'PARIT RAJA', '86400', 'BATU PAHAT', 'JOHOR', '0', 'KEDAI MAKAN (KOMPLEKS NIAGA PARIT RAJA)', 1, 2, 0, 0, 11, '', '', '', ''),
('531128016144', 'MARIAM BINTI SIDEK', '1953-11-28', '0', 'PEREMPUAN', 'SEPARAP BATU PAHAT', 'MELAYU', 'BERKAHWIN', 'ISLAM', '0132377001', 'mariamsidek1953@gmail.com', 'PENIAGA', 0, 'SRP/LCE', 4, 'KAMPUNG PARIT SAMIJAN, MUKIM 8, PARIT RAJA', '0', '86400', 'BATU PAHAT', 'JOHOR', '0', '0', 1, 0, 0, 0, 12, '', '', '', ''),
('541218015689', 'MOHAMAD BIN MOKIAT', '1954-12-18', '0', 'LELAKI', 'HOSPITAL BATU PAHAT', 'MELAYU', 'BERKAHWIN', 'ISLAM', '0', '0', 'PEKEBUN', 600, 'SRP/LCE', 5, 'KG PARIT SAMIJAN,', 'PARIT RAJA', '86400', 'BATU PAHAT', 'JOHOR', '0', '0', 1, 1, 0, 0, 12, '', '', '', ''),
('54122215083', 'ALI RAHMAN BIN DOL', '1954-12-22', '0', 'LELAKI', 'BATU PAHAT', 'MELAYU', 'BERKAHWIN', 'ISLAM', '0122377413', '0', 'BURUH KASAR', 1500, 'SRP/LCE', 2, 'KM 17, K4, PARIT KARJO MK8', 'PARIT RAJA', '86400', 'BATU PAHAT', 'JOHOR', '0', '0', 0, 0, 0, 0, 11, '', '', '', ''),
('546545', 'TESTING2', '2222-02-02', '0', 'LELAKI', 'KHJ', 'MELAYU', 'BUJANG', 'BUDHA', '032131', '0', 'JKHJK', 34, 'UPSR', 3, 'M,NK', 'NN,', '22215', 'NBJN', 'NBMNB', 'KJHJ', 'HJ', 5, 5, 5, 5, 10, 'ASNAF', 'SURAU AL IKHLAS', 'MASJID UTHM', ''),
('550801015543', 'YASIN BIN ABAS', '1955-08-01', '0', 'LELAKI', 'BATU PAHAT', 'MELAYU', 'BERKAHWIN', 'ISLAM', '0197965717', '0', 'PESARA ATM', 1050, 'SRP/LCE', 3, '1 J LORONG MUDA ', 'BT10 JLN KLUANG', '86400', 'BATU PAHAT', 'JOHOR', '0', '0', 1, 1, 0, 0, 11, '', '', '', ''),
('560416015464', 'SANIAH BINTI SAMINGAN', '1956-04-16', '0', 'PEREMPUAN', 'BATU PAHAT', 'MELAYU', 'BUJANG', 'ISLAM', '0177400889', '0', 'PEKERJA AM', 1000, 'SRP/LCE', 0, 'NO 55, TIANG LAMPU PS42 PARIT SAMIJAN, PARIT RAJA 86400 BATU PAHAT JOHOR', '0', '86400', 'BATU PAHAT', 'JOHOR', '0', '0', 0, 1, 0, 0, 12, '', '', '', ''),
('560610015732', 'KAMISAH BINTI RANU', '1956-06-10', '0', 'PEREMPUAN', 'KG PARIT KARJO', 'MELAYU', 'BERKAHWIN', 'ISLAM', '0177215992', '0', 'SURI RUMAH', 0, 'SRP/LCE', 3, 'KG PARIT KARJO,', 'MK 8, PARIT RAJA', '86400', 'BATU PAHAT', 'JOHOR', '0', '0', 0, 0, 0, 0, 11, '', '', '', ''),
('561021016109', 'MOHD. ZAINI BIN ASRAK', '1956-10-21', '0', 'LELAKI', 'BATU PAHAT', 'MELAYU', 'BERKAHWIN', 'ISLAM', '0127797693', '0', 'TIDAK BEKERJA', 0, 'SRP/LCE', 4, 'KM 17, KAMPUNG PARIT SAMIJAN', '0', '86400', 'BATU PAHAT', 'JOHOR', '0', 'KEDAI RUNCIT', 1, 2, 0, 0, 12, '', '', '', ''),
('570209016690', 'RADIN ROSNI BINTI RADIN RAHMAN', '1957-02-09', '0', 'PEREMPUAN', 'TANJUNG SEMBERONG', 'MELAYU', 'JANDA', 'ISLAM', '016772581', '0', '0', 0, 'SRP/LCE', 0, 'JK 330-2, JALAN KLUANG,', 'PARIT SAMIJAN, PARIT RAJA,', '86400', 'BATU PAHAT', 'JOHOR', '0', '0', 0, 0, 0, 0, 12, '', '', '', ''),
('570307045591', 'ZIBIDIN BIN JANIS', '1957-03-07', '0', 'LELAKI', 'MELAKA', 'MELAYU', 'BERKAHWIN', 'ISLAM', '0177356671', 'zabidin_janis@gmail.com', 'PERSARA', 2400, 'SPM/MCE', 4, 'NO 3, LORONG SIANTAN', 'KAMPUNG PARIT KARJO, PARIT RAJA', '86400', 'BATU PAHAT', 'JOHOR', '0', '0', 2, 1, 0, 0, 11, '', '', '', ''),
('570425015238', 'SUPIAH BINTI MOHD', '1957-04-25', '0', 'PEREMPUAN', 'PARIT SAMIJAN', 'MELAYU', 'JANDA', 'ISLAM', '0196998002', '0', 'SURI RUMAH', 0, 'SRP/LCE', 4, 'PS 33, KAMPUNG PARIT SAMIJAN, PARIT RAJA', '0', '86400', 'BATU PAHAT', 'JOHOR', '1.5 EKAR', '0', 2, 1, 0, 0, 12, '', '', '', ''),
('570914015343', 'MOHAMMAD SULAIMAN OTHMAN', '1957-09-14', '0', 'LELAKI', 'BATU PAHAT', 'MELAYU', 'BERKAHWIN', 'ISLAM', '0177101630', '0', 'PESARA', 0, 'SRP/LCE', 2, 'POS 91, KG PARIT SAMIJAN,', 'PARIT RAJA,', '86400', 'BATU PAHAT', 'JOHOR', '0', '0', 1, 1, 0, 0, 12, '', '', '', ''),
('571106015358', 'HABIBAH BINTI JASMAN', '1957-11-06', '0', 'PEREMPUAN', 'BATU PAHAT', 'MELAYU', 'JANDA', 'ISLAM', '0', '0', 'SURI RUMAH', 0, 'SRP/LCE', 6, 'POS 39, KAMPUNG PARIT SAMIJAN', '0', '86400', 'BATU PAHAT', 'JOHOR', '0', '0', 0, 1, 0, 0, 12, '', '', '', ''),
('571107016221', 'MOHD KAMILAN BIN ELIAS', '1957-11-07', '0', 'LELAKI', 'BATU PAHAT', 'MELAYU', 'BERKAHWIN', 'ISLAM', '0197716221', '0', 'PESARA', 4000, 'SPM/MCE', 3, 'KG PARIT SAMIJAN, TL 58', 'PARIT RAJA', '86400', 'BATU PAHAT', 'JOHOR', '0', '0', 0, 0, 0, 0, 12, '', '', '', ''),
('580316015713', 'ABD SHUKOR BIN MOHD SAID', '1958-03-16', '0', 'LELAKI', 'KAMPUNG PARIT SAMIJAN', 'MELAYU', 'BUJANG', 'ISLAM', '0142210985', '0', 'BEKERJA SENDIRI', 450, 'SRP/LCE', 0, 'KAMPUNG PARIT SAMIJAN, 86400 PARIT RAJA, BATU PAHAT, JOHOR', '0', '86400', 'BATU PAHAT', 'JOHOR', '0', '0', 0, 1, 0, 0, 12, '', '', '', ''),
('580821015749', 'ALI BIN AMAN', '1958-08-21', '0', 'LELAKI', 'SG. RAYA ESTATE', 'MELAYU', 'BERKAHWIN', 'ISLAM', '0127601852', '0', 'BURUH', 1200, 'SRP/LCE', 3, 'KG.PT. KARJO,', 'PARIT RAJA', '86400', 'BATU PAHAT', 'JOHOR', '0', '0', 0, 0, 0, 0, 11, '', '', '', ''),
('581108015625', 'KAMSANI BIN SEMIN', '1958-11-08', '0', 'LELAKI', 'BATU PAHAT', 'MELAYU', 'BERKAHWIN', 'ISLAM', '0', '0', 'PESARA', 0, 'SARJANA MUDA', 4, 'KAMPUNG PARIT KARJO', '0', '86400', 'BATU PAHAT', 'JOHOR', '0', '0', 0, 0, 0, 0, 11, '', '', '', ''),
('581209016096', 'RAMLAH BINTI ABDUL RAHIM', '1958-12-09', '0', 'PEREMPUAN', 'BATU PAHAT', 'MELAYU', 'JANDA', 'ISLAM', '0177380717', '0', 'SURIRUMAH', 0, 'SPM/MCE', 0, 'NO 6, KG PARIT SAMIJAN, MUKIM 8', 'PARIT RAJA', '86400', 'BATU PAHAT', 'JOHOR', '0', '0', 0, 0, 0, 0, 12, '', '', '', ''),
('590705016217', 'OMAR BIN RUBANI', '1959-07-05', '0', 'LELAKI', 'BATU PAHAT', 'MELAYU', 'BERKAHWIN', 'ISLAM', '0176249575', '0', 'PESARA', 2500, 'SPM/MCE', 4, 'POS 6, KAMPUNG PARIT SAMIJAN', '0', '86400', 'BATU PAHAT', 'JOHOR', '0', '0', 1, 1, 0, 0, 12, '', '', '', ''),
('590731016173', 'JURI BIN PANOT', '1959-07-31', '0', 'LELAKI', 'HOSPITAL', 'MELAYU', 'BERKAHWIN', 'ISLAM', '0137706834', '0', 'PEMANDU LORI', 1500, 'SRP/LCE', 0, 'KAMPUNG PARIT KARJO MK8', '0', '86400', 'BATU PAHAT', 'JOHOR', '0', '0', 1, 3, 0, 0, 11, '', '', '', ''),
('590805016169', 'MANSOR BIN MISKAM', '1959-08-05', '0', 'LELAKI', 'KG JEROM 5, TANGKAK', 'MELAYU', 'BERKAHWIN', 'ISLAM', '0127351092', '0', 'PESARA TENTERA', 1500, 'SPM/MCE', 3, '5D LORONG WAWASAN 2, KG PARIT KARJO', 'PARIT RAJA', '86400', 'BATU PAHAT', 'JOHOR', '0', '0', 3, 1, 0, 0, 11, '', '', '', ''),
('600905015733', 'MOHAMAD NAIR BIN SAKEH', '1960-09-05', '0', 'LELAKI', 'BATU PAHAT', 'MELAYU', 'BERKAHWIN', 'ISLAM', '0137707340', '0', 'BURUH', 1500, 'SPM/MCE', 5, '55, PARIT KARJO, MK 8, 86400, PARIT RAJA, BATU PAHAT, JOHOR', '0', '86400', 'BATU PAHAT', 'JOHOR', '0', '0', 0, 0, 0, 0, 11, '', '', '', ''),
('600909035627', 'NIK SHARIFULLAH BIN NIK KOB', '1960-09-09', '0', 'LELAKI', 'KELANTAN', 'MELAYU', 'BERKAHWIN', 'ISLAM', '0139811879', 'sharifullahniknikkob@gmail.com', 'PESARA', 5000, 'SARJANA MUDA', 5, 'POS 74 KG PARIT KARJO', 'PARIT RAJA', '86400', 'BATU PAHAT', 'JOHOR', '0.5 EKAR', '0', 2, 1, 0, 0, 11, '', '', '', ''),
('601119035651', 'CHE ISMAIL BIN MAT YUSOF', '1960-11-19', '0', 'LELAKI', 'KELANTAN', 'MELAYU', 'BERKAHWIN', 'ISLAM', '0177721458', '0', 'PESARA ATM', 1200, 'SPM/MCE', 4, 'T/L 17, LORONG WAWASAN 1, KG PARIT KARJO,', 'PARIT RAJA', '86400', 'BATU PAHAT', 'JOHOR', '0', '0', 0, 0, 0, 0, 11, '', '', '', ''),
('610116015625', 'YAAKUB BIN MOHAMAD', '1961-01-16', '0', 'LELAKI', 'YONG PENG', 'MELAYU', 'BERKAHWIN', 'ISLAM', '0127577130', '0', 'PEMANDU BAS', 1500, 'SRP/LCE', 2, 'KG PARIT KARJO, MK8,', 'PARIT RAJA', '86400', 'BATU PAHAT', 'JOHOR', '0', '0', 0, 0, 0, 0, 11, '', '', '', ''),
('610520015483', 'SALEM BIN MOHAMAD', '1961-05-21', '0', 'LELAKI', 'PARIT SAMIJAN', 'MELAYU', 'BERKAHWIN', 'ISLAM', '0', '0', 'BURUH', 1700, 'SRP/LCE', 2, 'POS 40 KG PARIT SAMIJAN', 'PARIT RAJA', '86400', 'BATU PAHAT', 'JOHOR', '0', '0', 2, 2, 0, 0, 12, '', '', '', ''),
('610603015745', 'MOHAMAD SALLEH BIN MOHAMAD', '1961-06-03', '0', 'LELAKI', 'PARIT KARJO', 'MELAYU', 'BERKAHWIN', 'ISLAM', '0137090341', '0', 'PEMANDU LORI', 1000, 'SRP/LCE', 4, 'POS 68, KAMPUNG PARIT KARJO MK 8 86400, PARIT RAJA, BATU PAHAT, JOHOR', '0', '86400', 'BATU PAHAT', 'JOHOR', '0', '0', 1, 2, 0, 0, 11, '', '', '', ''),
('611121015237', 'ABD RAHIM BIN MA\'SUM', '1961-11-21', '0', 'LELAKI', 'BATU PAHAT', 'MELAYU', 'BERKAHWIN', 'ISLAM', '0196280410', '0', 'PESARA', 4000, 'SARJANA', 4, 'NO 2, JALAN GADING RAYA,', 'TAMAN GADING RAYA, PARIT RAJA', '86400', 'BATU PAHAT', 'JOHOR', '0', '0', 2, 2, 0, 0, 11, '', '', '', ''),
('611216015897', 'MAT DALI BIN NASIR', '1961-12-12', '0', 'LELAKI', 'BATU PAHAT', 'MELAYU', 'BERKAHWIN', 'ISLAM', '0197578810', '0', 'PEKEBUN', 0, 'DIPLOMA', 4, 'TL 16 ', 'JLN PARIT KARJO , PARIT RAJA', '86400', 'BATU PAHAT', 'JOHOR', '20 EKAR', '0', 1, 1, 0, 0, 11, '', '', '', ''),
('620303016059', 'ABDUL GHANI BIN MOHAMAD', '1962-03-03', '0', 'LELAKI', 'BENUT', 'MELAYU', 'BERKAHWIN', 'ISLAM', '0197570299', '0', 'PESARA', 0, 'SPM/MCE', 3, 'NO 14-A, KG PARIT SAMIJAN,', 'PARIT RAJA', '86400', 'BATU PAHAT', 'JOHOR', '0', '0', 1, 1, 0, 0, 12, '', '', '', ''),
('620530016147', 'MOHD SARON BIN HASNAN', '1962-05-30', '0', 'LELAKI', 'KG. PT. KASEH SAYANG', 'MELAYU', 'BERKAHWIN', 'ISLAM', '0178242722', '0', 'PEMANDU LORI', 1200, 'SPM/MCE', 8, 'KG. PARIT KARJO, PARIT RAJA', '0', '86400', 'BATU PAHAT', 'JOHOR', '0', '0', 1, 2, 1, 0, 11, '', '', '', ''),
('620613015369', 'MUSTAFA BIN RUBANI', '1962-06-13', '0', 'LELAKI', 'BATU PAHAT', 'MELAYU', 'BERKAHWIN', 'ISLAM', '0', '0', 'PEKEBUN', 500, 'SPM/MCE', 4, 'NO 31, KAMPUNG PARIT SAMIJAN, PARIT RAJA', '0', '86400', 'BATU PAHAT', 'JOHOR', '0', '0', 1, 2, 0, 0, 12, '', '', '', ''),
('620813016019', 'MOHD ISA B. MOHAMAD', '1962-08-13', '0', 'LELAKI', 'B. PAHAT', 'MELAYU', 'BERKAHWIN', 'ISLAM', '0173003600', '0', 'PESARA', 1300, 'SRP/LCE', 3, 'T/L 20, LORONG WAWASAN 3, NO I80,', 'KG PARIT KARJO, PARIT RAJA,', '86400', 'BATU PAHAT', 'JOHOR', '0', '0', 0, 0, 0, 0, 12, '', '', '', ''),
('620918016063', 'MOHD HALID BIN RAKIRUIN', '1962-09-18', '0', 'LELAKI', 'BATU PAHAT', 'MELAYU', 'BERKAHWIN', 'ISLAM', '0126125783', '0', 'PESARA TENTERA', 1500, 'SRP/LCE', 2, 'TL 46-48, LORONG HAKIMAH 8, KAMPUNG PARIT SAMIJAN', '0', '86400', 'BATU PAHAT', 'JOHOR', '0', '0', 2, 3, 0, 0, 12, '', '', '', ''),
('630111035841', 'AZHAR BIN MAMAT', '1963-01-11', '0', 'LELAKI', 'KELANTAN', 'MELAYU', 'BERKAHWIN', 'ISLAM', '0123695842', 'nooreiniahmad@gmail.com', 'PESARA', 2500, 'DIPLOMA', 2, '1B, LORONG HIKMAH 8,', 'KAMPUNG PARIT SAMIJAN, PARIT RAJA,', '86400', 'BATU PAHAT', 'JOHOR', '0', '0', 0, 0, 0, 0, 12, '', '', '', ''),
('630404015935', 'TUKIMAN BIN OTHMAN', '1963-04-04', '0', 'LELAKI', 'BATU PAHAT', 'MELAYU', 'BERKAHWIN', 'ISLAM', '0127178645', '0', 'BURUH', 1200, 'SRP/LCE', 5, 'POS 89, PARIT SAMIJAN', '0', '86400', 'BATU PAHAT', 'JOHOR', '0', '0', 2, 4, 0, 0, 12, '', '', '', ''),
('630407015893', 'NASUKAH BIN MOKYAT', '1963-04-07', '0', 'LELAKI', 'PARIT SAMIJAN', 'MELAYU', 'BERKAHWIN', 'ISLAM', '0127393059', '0', 'BEKERJA SENDIRI', 1700, 'SRP/LCE', 4, 'POS 83, TL:TI, KAMPUNG PARIT SAMIJAN', '0', '86400', 'BATU PAHAT', 'JOHOR', '0', 'KEDAI SEMBELIHAN AYAM', 3, 4, 0, 0, 12, '', '', '', ''),
('630409015109', 'SELAMAT BIN MOKHSIN', '1963-04-09', '0', 'LELAKI', 'TANJUNG SEMBRONG', 'MELAYU', 'BERKAHWIN', 'ISLAM', '01139283633', '0', 'BURUH KAMPUNG', 300, 'SRP/LCE', 5, 'KAMPUNG PARIT KARJO, MUKIM 8, PARIT RAJA', '0', '86400', 'BATU PAHAT', 'JOHOR', '0', '0', 0, 0, 0, 0, 11, '', '', '', ''),
('630416016273', 'MOHD SHAHRUNI BIN KEMIN', '1963-04-16', '0', 'LELAKI', 'BATU PAHAT', 'MELAYU', 'BERKAHWIN', 'ISLAM', '0142732681', '0', 'PERKEBUN', 1100, 'SPM/MCE', 6, '39 KG. PARIT KARJO', 'PARIT RAJA', '86400', 'BATU PAHAT', 'JOHOR', '1 EKAR 2 ROD 3 POOL', '0', 1, 1, 0, 0, 11, '', '', '', ''),
('630501016788', 'SAMIAH BTE JASMAN', '1963-05-01', '0', 'PEREMPUAN', 'JOHOR', 'MELAYU', 'BUJANG', 'ISLAM', '0177331988', '0', 'KERJA SENDIRI', 500, 'SRP/LCE', 0, 'TL PS 41/3 LRG HIKMAH 1,', 'PARIT SAMIJAN, PARIT RAJA,', '86400', 'BATU PAHAT', 'JOHOR', '0', '0', 0, 0, 0, 0, 12, '', '', '', ''),
('630516016377', 'SALIM BIN SAHADAN', '1963-05-16', '0', 'LELAKI', 'PONTIAN', 'MELAYU', 'BERKAHWIN', 'ISLAM', '0108078412', '0', 'BURUH', 1500, 'SRP/LCE', 4, 'NO. 7, LORONG MUDA, BATU 10, JALAN KLUANG, 86400 PARIT RAJA, BATU PAHAT', '0', '86400', 'BATU PAHAT', 'JOHOR', '0', '0', 1, 2, 0, 0, 11, '', '', '', ''),
('631101016767', 'JAMIAN BIN JANI', '1963-11-01', '0', 'LELAKI', 'BATU PAHAT', 'MELAYU', 'BERKAHWIN', 'ISLAM', '0137231316', '0', 'PESARA', 1500, 'SRP/LCE', 4, 'NO 46, KAMPUNG PARIT SAMIJAN', '0', '86400', 'BATU PAHAT', 'JOHOR', '1', '0', 1, 2, 0, 0, 12, '', '', '', ''),
('640327085997', 'MOHD. SHARIDAN BIN MUSA', '1964-03-27', '0', 'LELAKI', 'PERAK', 'MELAYU', 'BERKAHWIN', 'ISLAM', '01125881351', '0', 'BEKERJA SENDIRI', 500, 'SRP/LCE', 4, 'KAMPUNG PARIT KARJO, POS 54, MK-8, PARIT RAJA', '0', '86400', 'BATU PAHAT', 'JOHOR', 'I EKAR', '0', 2, 3, 0, 0, 11, '', '', '', ''),
('640408016125', 'YUNUS NASIR', '1964-04-08', '0', 'LELAKI', 'BATU PAHAT', 'MELAYU', 'BERKAHWIN', 'ISLAM', '0137789700', '0', 'PENIAGA', 8000, 'STPM', 4, '5B LORONG WAWASAN 2 ', 'JALAN PARIT KARJO, PARIT RAJA', '86400', 'BATU PAHAT', 'JOHOR', '0', '0', 2, 2, 1, 0, 11, '', '', '', ''),
('640511015825', 'KAMARUDDIN LOW BIN ABDULLAH', '1964-05-11', '0', 'LELAKI', 'SKUDAI', 'CINA', 'BERKAHWIN', 'ISLAM', '0177369815', '0', 'KERJA KAMPUNG', 1300, 'SPM/MCE', 3, '4-D LORONG WAWASAN 1, KG. PARIT KARJO, PARIT RAJA, 86400 BATU PAHAT, JOHOR.', '0', '86400', 'BATU PAHAT', 'JOHOR', '0', '0', 1, 2, 0, 0, 11, '', '', '', ''),
('640903016325', 'MOHD GHAZALI BIN MAHRAN', '1964-09-03', '0', 'LELAKI', 'AIR HITAM, JOHOR', 'MELAYU', 'BERKAHWIN', 'ISLAM', '0126315216', '0', 'PESARA/BERKEBUN', 1800, 'SPM/MCE', 3, 'POS 50, KG PARIT SAMIJAN,', 'PARIT RAJA', '86400', 'BATU PAHAT', 'JOHOR', '2 EKAR', '0', 2, 3, 0, 0, 12, '', '', '', ''),
('641102016223', 'ROZI BIN MOHAMAD', '1964-11-02', '0', 'LELAKI', 'BATU PAHAT', 'MELAYU', 'BERKAHWIN', 'ISLAM', '0127313233', '0', 'BURUH', 1500, 'SPM/MCE', 1, 'NO 7B, LORONG MUDA, BT. 10, JALAN KLUANG', 'PARIT RAJA', '86400', 'BATU PAHAT', 'JOHOR', '0', '0', 1, 1, 0, 0, 11, '', '', '', ''),
('650107016331', 'NORDIN BIN NASRAN', '1965-01-07', '0', 'LELAKI', 'BATU PAHAT', 'MELAYU', 'BERKAHWIN', 'ISLAM', '0166402886', 'nordinnasran@yahoo.com', 'PENIAGA', 2500, 'DIPLOMA', 5, '0', '0', '86400', 'BATU PAHAT', 'JOHOR', '0', 'BENGKEL MEE', 2, 2, 0, 0, 11, '', '', '', ''),
('650827015740', 'TUMINAH BINTI JASMAN', '1965-08-27', '0', 'PEREMPUAN', 'KAMPUNG PARIT SAMIJAN', 'MELAYU', 'JANDA', 'ISLAM', '01117705262', '0', 'BEKERJA SENDIRI', 700, 'SRP/LCE', 4, 'POS 49', 'KAMPUNG PARIT SAMIJAN', '86400', 'BATU PAHAT', 'JOHOR', '0', '0', 2, 3, 0, 0, 12, '', '', '', ''),
('651001016709', 'RAHMAT BIN OTHMAN', '1965-10-01', '0', 'LELAKI', 'PARIT SAMIJAN', 'MELAYU', 'BERKAHWIN', 'ISLAM', '0127267641', '0', 'BURUH KONTRAK', 1000, 'SRP/LCE', 4, 'POS 69, PARIT SAMIJAN', '0', '86400', 'BATU PAHAT', 'JOHOR', '0', '0', 3, 3, 0, 0, 12, '', '', '', ''),
('651208015383', 'MOHD SHAHROM BIN DAHLAN', '1965-12-08', '0', 'LELAKI', 'BATU PAHAT', 'MELAYU', 'BERKAHWIN', 'ISLAM', '0127234122', '0', 'BURUH BINAAN', 1600, 'SPM/MCE', 4, 'POS 24', 'KAMPUNG PARIT SAMIJAN', '86400', 'BATU PAHAT', 'JOHOR', '1 SETENGAH EKAR TANAH KELUARGA', '0', 2, 3, 0, 0, 12, '', '', '', ''),
('651217015879', 'S. PENDI BIN SAMINAN', '1965-12-17', '0', 'LELAKI', 'BATU PAHAT', 'MELAYU', 'BERKAHWIN', 'ISLAM', '0197662972', '0', 'PEMANDU LORI', 3000, 'SRP/LCE', 7, 'POS 53, KG PARIT KARJO', 'PARIT RAJA', '86400', 'BATU PAHAT', 'JOHOR', '0', '0', 1, 1, 0, 0, 11, '', '', '', ''),
('660227015535', 'MD. SALLEH BIN KAMARI', '1966-02-27', '0', 'LELAKI', 'BATU PAHAT', 'MELAYU', 'BERKAHWIN', 'ISLAM', '0107888195', 'sallehkamari@gmail.com', 'SENDIRI', 1000, 'SPM/MCE', 6, 'POS 59, KAMPUNG PARIT SAMIJAN, MUKIM 8, PARIT RAJA', '0', '86400', 'BATU PAHAT', 'JOHOR', '2.5 EKAR', '0', 1, 1, 0, 0, 12, '', '', '', ''),
('660411015199', 'ABD. HAMID BIN MUHAMMAD', '1966-04-11', '0', 'LELAKI', 'BATU PAHAT', 'MELAYU', 'BERKAHWIN', 'ISLAM', '0137705671', '0', 'PENIAGA', 1000, 'SPM/MCE', 1, 'NO. 53C, LORONG HIKMAH 1, TL 41/5, KAMPUNG PARIT SAMIJAN', '0', '86400', 'BATU PAHAT', 'JOHOR', '0', '0', 1, 1, 0, 0, 12, '', '', '', ''),
('660601016993', 'MD. TUKIRAN BIN MOKYAT', '1966-06-01', '0', 'LELAKI', 'PARIT SAMIJAN', 'MELAYU', 'BUJANG', 'ISLAM', '0139632606', '0', 'BURUH', 600, 'SRP/LCE', 0, 'KAMPUNG PARIT SAMIJAN', '0', '86400', 'BATU PAHAT', 'JOHOR', '0', '0', 0, 0, 0, 0, 12, '', '', '', ''),
('660606016343', 'AHMAD WAKHIDAN BIN MOHAMED SATARI', '1966-06-06', '0', 'LELAKI', 'JOHOR', 'MELAYU', 'BERKAHWIN', 'ISLAM', '0127663324', '0', 'PESARA TENTERA', 1100, 'SPM/MCE', 4, 'POS 53A,  LORONG HIKMAH 1, KG PARIT SAMIJAN,', 'PARIT RAJA,', '86400', 'BATU PAHAT', 'JOHOR', '0', '0', 4, 1, 0, 0, 12, '', '', '', ''),
('670225015039', 'AHMAD BIN JALAL@ZAINURI', '1967-02-25', '0', 'LELAKI', 'BATU PAHAT', 'MELAYU', 'BERKAHWIN', 'ISLAM', '0137393951', 'Ahmad670225@gmail.com', 'GURU', 4500, 'DIPLOMA', 3, 'NO 53L, 41/4 LRG HIKMAH 1, PARIT SAMIJAN', 'PARIT RAJA', '86400', 'BATU PAHAT', 'JOHOR', '4200 KAKI PERSEGI', '0', 2, 3, 0, 0, 12, '', '', '', ''),
('670322015241', 'SHIK FADZIL BIN SHIK AHMED', '1967-03-22', '0', 'LELAKI', 'BATU PAHAT', 'MELAYU', 'BERKAHWIN', 'ISLAM', '0107855020', '0', 'PEMANDU LORI', 1500, 'SRP/LCE', 2, 'POS 67, KG PARIT KARJO, MUKIM 8, ', 'PARIT RAJA', '86400', 'BATU PAHAT', 'JOHOR', '0', '0', 2, 4, 0, 0, 11, '', '', '', ''),
('670802015689', 'JURAIDI BIN MOHAMED ARIFF', '1967-08-02', '0', 'LELAKI', 'PARIT KARJO', 'LAIN-LAIN', 'BERKAHWIN', 'ISLAM', '0147191645', '0', 'PEMANDU LORI', 1500, 'SRP/LCE', 0, 'NO 3, LORONG WAWASAN 2, KM 17, KAMPUNG PARIT KARJO, MUKIM 8, PARIT RAJA, 86400 BATU PAHAT, JOHOR', '0', '86400', 'BATU PAHAT', 'JOHOR', '0', '0', 0, 0, 0, 0, 11, '', '', '', ''),
('671108015296', 'NOR\'AINI BINTI MOHD TOP', '1967-11-08', '0', 'PEREMPUAN', 'KG. SG. SUDAH, MUAR', 'MELAYU', 'JANDA', 'ISLAM', '0178264027', '0', 'PEMBANTU KANTIN', 600, 'SPM/MCE', 8, 'TL/6 KAMPUNG PARIT SAMIJAN', '0', '86400', 'BATU PAHAT', 'JOHOR', '0', '0', 0, 3, 0, 0, 12, '', '', '', ''),
('671229015671', 'JEFFRI BIN MANSOR', '1967-12-29', '0', 'LELAKI', 'KLUANG', 'MELAYU', 'BERKAHWIN', 'ISLAM', '0173318152', 'jeffri_mansor@yahoo.com', 'PESARA TENTERA', 2500, 'SPM/MCE', 2, 'JPK 15A KG PARIT KARJO', 'PARIT RAJA', '86400', 'BATU PAHAT', 'JOHOR', '1.6 EKAR', '0', 3, 2, 0, 0, 11, '', '', '', ''),
('680221016295', 'MOHD SHARI B. MOHAMAD', '1968-02-21', '0', 'LELAKI', 'BATU PAHAT, JOHOR', 'MELAYU', 'BERKAHWIN', 'ISLAM', '0137284052', 'selendangemas130975@gmail.com', 'SENDIRI', 1000, 'SPM/MCE', 6, 'NO 66, T/L 81,', 'KG. PARIT KARJO, MUKIM 8, ', '86400', 'BATU PAHAT', 'JOHOR', '0', '0', 3, 3, 0, 0, 11, '', '', '', ''),
('680301016041', 'ZAFRI MANSOR', '1968-03-01', '0', 'LELAKI', 'BATU PAHAT', 'MELAYU', 'BERKAHWIN', 'ISLAM', '0197277000', '0', 'PENYELIA', 3300, 'DIPLOMA', 5, 'POS 61, KAMPUNG PARIT KARJO, PARIT RAJA, BATU PAHAT', '0', '86400', 'BATU PAHAT', 'JOHOR', '0', '0', 2, 2, 0, 0, 11, '', '', '', ''),
('680331015939', 'ABD SHUKOR BIN RADUAN', '1968-03-31', '0', 'LELAKI', 'BATU PAHAT', 'MELAYU', 'BERKAHWIN', 'ISLAM', '0147738916', '0', 'PEMBANTU KESIHATAN AWAM U24', 2880, 'SPM/MCE', 4, 'TL 8, JALAN KAMPUNG PARIT KARJO MUKIM 8, 86400 PARIT RAJA, BATU PAHAT', '0', '86400', 'BATU PAHAT', 'JOHOR', '0', '0', 1, 2, 0, 0, 11, '', '', '', ''),
('680603015167', 'SAMAD BIN JASMAN', '1968-06-03', '0', 'LELAKI', 'BATU PAHAT', 'MELAYU', 'BERKAHWIN', 'ISLAM', '0127653024', '0', 'JURUTEKNIK', 3000, 'SPM/MCE', 5, 'POS 51, KG PARIT SAMIJAN, MK8', 'PARIT RAJA', '86400', 'BATU PAHAT', 'JOHOR', '2 EKAR', '0', 4, 4, 0, 0, 12, '', '', '', ''),
('680706015821', 'MASRI BIN ABD HAJIS', '1968-07-06', '0', 'LELAKI', 'PARIT KARJO', 'MELAYU', 'BERKAHWIN', 'ISLAM', '0143984645', '0', 'BURUH BINAAN', 1200, 'SPM/MCE', 2, 'POS 63, KG PARIT KARJO', 'MK 8, PARIT RAJA', '86400', 'BATU PAHAT', 'JOHOR', '0', '0', 2, 2, 0, 0, 11, '', '', '', ''),
('6811155103', 'MD HATTA RUBANI', '1968-11-15', '0', 'LELAKI', 'BATU PAHAT', 'MELAYU', 'BERKAHWIN', 'ISLAM', '0197175060', '0', 'SENDIRI', 200, 'UPSR', 2, '0', '0', '0', '0', '0', '0', '0', 0, 0, 0, 0, 0, '', '', '', ''),
('681210015523', 'MOHD HISHAM BIN TUPAR', '1968-12-10', '0', 'LELAKI', 'HOSPITAL BATU PAHAT', 'MELAYU', 'BERKAHWIN', 'ISLAM', '0137475435', '0', 'BURUH', 1000, 'SPM/MCE', 5, 'NO4, LORONG SINGGAHSANA, PARIT KARJO, 86400 PARIT RAJA, BATU PAHAT, JOHOR', '0', '86400', 'BATU PAHAT', 'JOHOR', '0', '0', 1, 2, 0, 0, 11, '', '', '', ''),
('690106015675', 'NASRUDIN BIN HAJI HUDARI', '1969-01-06', '0', 'LELAKI', 'KLUANG', 'MELAYU', 'BERKAHWIN', 'ISLAM', '0137071388', 'nasrudin.hudari@gmail.com', 'BERNIAGA', 2000, 'SPM/MCE', 0, 'NO 1-C, LORONG HIKMAH 8, KG PARIT SAMIJAN', 'PARIT RAJA', '86400', 'BATU PAHAT', 'JOHOR', '0', 'KEDAI GUNTING RAMBUT', 2, 1, 0, 0, 12, '', '', '', ''),
('690211016135', 'KAMARUDIN BIN OSMAN', '1969-02-11', '0', 'LELAKI', 'MUAR', 'MELAYU', 'BERKAHWIN', 'ISLAM', '0192669704', '0', 'PESARA TENTERA', 3123, 'SPM/MCE', 0, 'TL 68/3, POS 81A, KAMPUNG PARIT SAMIJAN, MUKIM 8, PARIT RAJA', '0', '86400', 'BATU PAHAT', 'JOHOR', '0', '0', 1, 1, 0, 0, 12, '', '', '', ''),
('690703095079', 'HAYAZI BIN NAYAN', '1969-07-03', '0', 'LELAKI', 'SIMPANG EMPAT PERLIS', 'MELAYU', 'BERKAHWIN', 'ISLAM', '0127474578', '0', 'KILANG', 0, 'SPM/MCE', 4, 'POS 73, KG PARIT KARJO', 'PARIT RAJA', '86400', 'BATU PAHAT', 'JOHOR', '0', '0', 0, 0, 0, 0, 11, '', '', '', ''),
('691105016101', 'ZAINUDDIN BIN MOHD NOH', '1969-11-05', '0', 'LELAKI', 'SENGGARANG', 'MELAYU', 'BERKAHWIN', 'ISLAM', '0137770778', 'zainudin@uthm.edu.my', 'PENOLONG JURUTERA', 4000, 'DIPLOMA', 5, 'POS 14B, LORONG HIKMAH 2, KG PARIT SAMIJAN', 'PARIT RAJA', '86400', 'BATU PAHAT', 'JOHOR', '0', '0', 3, 1, 0, 0, 12, '', '', '', ''),
('691107016295', 'MUSTAFFA BIN IBRAHIM', '1989-11-07', '0', 'LELAKI', 'KLUANG', 'MELAYU', 'BERKAHWIN', 'ISLAM', '0177737420', 'mustaffa@uthm.edu.my', 'PENSYARAH', 8000, 'DIPLOMA', 6, 'NO 1-A, LORONG HIKMAH 8, PARIT SAMIJAN, PARIT RAJA', '0', '86400', 'BATU PAHAT', 'JOHOR', '0', '0', 3, 3, 0, 0, 12, '', '', '', ''),
('691111015957', 'SYED ABDUL RAHIM BIN SYED MAHMUD', '1969-11-11', '0', 'LELAKI', 'BATU PAHAT', 'MELAYU', 'BERKAHWIN', 'ISLAM', '0167747752', '0', 'PROD. ASSITAN SUPERVISOR', 2991.33, 'SPM/MCE', 0, 'POS 28 KG PARIT KARJO, MK8', 'PARIT RAJA', '86400', 'BATU PAHAT', 'JOHOR', '0', '0', 1, 3, 0, 0, 11, '', '', '', ''),
('691114015039', 'SHAIFUDDIN BIN ASSIF', '1969-11-14', '0', 'LELAKI', 'BUKIT SIPUT, SEGAMAT', 'MELAYU', 'BERKAHWIN', 'ISLAM', '0178403983', '0', 'KERJA SENDIRI', 1500, 'STPM', 0, 'KAMPUNG PARIT SAMIJAN', '0', '86400', 'BATU PAHAT', 'JOHOR', '0', '0', 0, 0, 0, 0, 12, '', '', '', ''),
('691201016347', 'TUKIRAN BIN RAHMAN', '1969-12-01', '0', 'LELAKI', 'JOHOR', 'MELAYU', 'BERKAHWIN', 'ISLAM', '01113733993', '0', 'PESARA', 2000, 'SPM/MCE', 1, 'TL26 KAMPUNG PARIT KARJO DARAT, PARIT RAJA, 86400 BATU PAHAT, JOHOR', '0', '86400', 'BATU PAHAT', 'JOHOR', '0', '0', 1, 1, 0, 0, 11, '', '', '', ''),
('700315016649', 'IRWAN BIN JUBRI', '1978-03-15', '0', 'LELAKI', '0', 'MELAYU', 'BERKAHWIN', 'ISLAM', '0127434770', 'irwanj@uthm.edu.my', 'PENOLONG JURUTERA', 1700, 'DIPLOMA', 4, 'TL 45/2 KAMPUNG PARIT SAMIJAN', '0', '86400', 'BATU PAHAT', 'JOHOR', '0.5 EKAR ', '0', 3, 2, 0, 0, 12, '', '', '', ''),
('710603016123', 'HAJI DERAMAN BIN IDRIS', '1971-03-06', '0', 'LELAKI', 'HOSPITAL', 'MELAYU', 'BERKAHWIN', 'ISLAM', '0179875641', '0', 'PERSARA', 1200, 'STPM', 2, 'NO 10', 'TIANG LAMPU 8', '86400', 'BATU PAHAT', 'JOHOR', '5 EKAR', 'WARUNG', 1, 2, 0, 0, 11, '', '', '', ''),
('711001015943', 'AHMAD SAH BIN KAMARI', '1971-10-01', '0', 'LELAKI', 'BATU PAHAT', 'MELAYU', 'BERKAHWIN', 'ISLAM', '0197241046', '0', 'BEKERJA SENDIRI', 1000, 'SPM/MCE', 6, 'TL 44/7 PARIT SAMIJAN, PARIT RAJA', '0', '86400', 'BATU PAHAT', 'JOHOR', '0', '0', 2, 3, 0, 0, 12, '', '', '', ''),
('720125015431', 'KASIM BIN SULAIMAN', '1972-01-25', '0', 'LELAKI', 'HOSPITAL', 'MELAYU', 'DUDA', 'ISLAM', '014856325', 'kasim@gmail.com', 'PETANI', 500, 'SPM/MCE', 2, 'NO 2 ', 'TIANG LAMPU 9', '86400', 'BATU PAHAT', 'JOHOR', '2', '0', 1, 1, 1, 0, 10, '', '', '', ''),
('720415015235', 'MOHD TAIB BIN MD NOOR', '1972-04-15', '0', 'LELAKI', 'BATU PAHAT', 'MELAYU', 'BERKAHWIN', 'ISLAM', '01127522862', '0', 'KERJA SENDIRI', 1000, 'SPM/MCE', 5, 'POS 10, KAMPUNG PARIT SAMIJAN,', 'PARIT RAJA,', '86400', 'BATU PAHAT', 'JOHOR', '0', '0', 1, 2, 0, 0, 12, '', '', '', ''),
('720619016475', 'SAMSUL BIN HASHIM', '1972-06-19', '0', 'LELAKI', 'MUAR', 'MELAYU', 'BERKAHWIN', 'ISLAM', '0197475765', 'samsulhashim@gmail.com', 'PESARA TENTERA', 1800, 'SPM/MCE', 2, '87 A KG PARIT SAMIJAN, MK8', 'PARIT RAJA', '86400', 'BATU PAHAT', 'JOHOR', '0', '0', 2, 1, 0, 0, 12, '', '', '', ''),
('720718015777', 'NOOR ISMAIL BIN MD AMIN', '1972-07-18', '0', 'LELAKI', 'HOSPITAL BATU PAHAT', 'MELAYU', 'BERKAHWIN', 'ISLAM', '0127636904', '0', 'BURUH KASAR', 1300, 'SPM/MCE', 4, 'POS 20, KAMPUNG PARIT SAMIJAN', '0', '86400', 'BATU PAHAT', 'JOHOR', '0', '0', 2, 3, 0, 0, 12, '', '', '', ''),
('720730016051', 'AZHARUDIN BIN MOHD JEMERAN', '1972-07-30', '0', 'LELAKI', 'KG PARIT KEMANG, SENGGARANG, BATU PAHAT', 'MELAYU', 'BERKAHWIN', 'ISLAM', '0137365429', '0', 'BURUH', 1700, 'SPM/MCE', 7, 'KG PARIT KARJO', 'PARIT RAJA', '86400', 'BATU PAHAT', 'JOHOR', '0', '0', 0, 0, 0, 0, 11, '', '', '', ''),
('720816016343', 'IBRAHIM BIN OTHMAN', '1972-08-16', '0', 'LELAKI', 'KAMPUNG PARIT SAMIJAN', 'MELAYU', 'BERKAHWIN', 'ISLAM', '0137867955', '0', 'IMAM (JAKIM)', 1000, 'SPM/MCE', 1, 'KAMPUNG PARIT SAMIJAN', '0', '86400', 'BATU PAHAT', 'JOHOR', '0', '0', 2, 3, 0, 0, 12, '', '', '', ''),
('720823016026', 'ROHAWATI BINTI KASBI', '1972-08-23', '0', 'PEREMPUAN', 'RENGIT, BATU PAHAT', 'MELAYU', 'JANDA', 'ISLAM', '0177424667', '0', 'OPERATOR KILANG', 1600, 'SPM/MCE', 2, 'NO. 2, LORONG HIKMAH 1, PARIT SAMIJAN,', 'PARIT RAJA', '86400', 'BATU PAHAT', 'JOHOR', '0', '0', 1, 1, 0, 0, 12, '', '', '', ''),
('720926016205', 'ISHAK BIN KASSIM', '1972-09-26', '0', 'LELAKI', 'BATU PAHAT', 'MELAYU', 'BERKAHWIN', 'ISLAM', '0177558689', '0', 'PEKERJA AM', 1050, 'SPM/MCE', 1, 'POS 5F, KAMPUNG PARIT SAMIJAN, PARIT RAJA', '0', '86400', 'BATU PAHAT', 'JOHOR', '0', '0', 0, 2, 0, 0, 12, '', '', '', ''),
('721202016343', 'PAKCIK TEST LAGI', '1941-04-02', '78', 'LELAKI', 'HUHU', 'MELAYU', 'BUJANG', 'ISLAM', '01245789', '0', 'HUHU', 215, 'TIDAK BERSEKOLAH', 1, 'HUHU', 'HUH', '86400', 'HUHU', 'HUHU', '10', 'HUHU', 1, 0, 1, 1, 10, 'ASNAF', 'SURAU AL IKHLAS', 'MASJID UTHM', ''),
('730121115539', 'MOKHTAR BIN ABU BAKAR', '1973-01-21', '0', 'LELAKI', 'TERENGGANU', 'MELAYU', 'BERKAHWIN', 'ISLAM', '0177326930', '0', 'PEMANDU LORI', 1500, 'SRP/LCE', 1, '85, KAMPUNG PARIT SAMIJAN', '0', '86400', 'BATU PAHAT', 'JOHOR', '0', '0', 2, 3, 0, 0, 12, '', '', '', ''),
('730122015353', 'ISHAK ISMON', '1973-01-22', '0', 'LELAKI', 'PARIT SURAU', 'MELAYU', 'BERKAHWIN', 'ISLAM', '01127587020', 'ishakismon@gmail.com', 'PEMANDU', 1700, 'SPM/MCE', 3, 'KAMPONG PARIT KARJO,', 'MK8, PARIT RAJA', '86400', 'BATU PAHAT', 'JOHOR', '0', '0', 0, 0, 0, 0, 11, '', '', '', ''),
('730324016311', 'SARDON BIN GHAZALI', '1973-03-24', '0', 'LELAKI', 'BATU PAHAT', 'MELAYU', 'BERKAHWIN', 'ISLAM', '0127875582', 'SARDONGHAZALI@GMAIL.COM', 'JURUTERA', 6000, 'DIPLOMA', 3, 'TL 41/1, POS 48 A, KAMPUNG PARIT KARJO, PARIT RAJA, 86400 BATU PAHAT, JOHOR', '0', '86400', 'BATU PAHAT', 'JOHOR', '0', '0', 3, 1, 0, 0, 11, '', '', '', ''),
('730825015405', 'MUHAMMAD RAZALI BIN MAIDIN', '1973-08-25', '0', 'LELAKI', 'BATU PAHAT', 'MELAYU', 'BERKAHWIN', 'ISLAM', '0177362789', '0', 'SWASTA', 2000, 'SPM/MCE', 2, 'NO 29, KG PARIT SAMIJAN', 'PARIT RAJA', '86400', 'BATU PAHAT', 'JOHOR', '0', '0', 1, 2, 0, 0, 12, '', '', '', ''),
('7310160165135', 'MOHD. IBRAHIM MOKYAT', '1973-10-16', '0', 'LELAKI', 'PARIT SAMIJAN', 'MELAYU', 'BERKAHWIN', 'ISLAM', '0127366653', '0', 'PENIAGA', 1200, 'SPM/MCE', 2, 'POS 75, KG PARIT SAMIJAN', 'PARIT RAJA', '86400', 'BATU PAHAT', 'JOHOR', '0', '0', 0, 0, 0, 0, 12, '', '', '', ''),
('740701015306', 'SITI FATIMAH BINTI KAMARI', '1974-07-01', '0', 'PEREMPUAN', 'BATU PAHAT', 'MELAYU', 'JANDA', 'ISLAM', '0177992023', '0', 'PEKERJA AM', 450, 'SPM/MCE', 4, 'TL PS 41/1, LOT 6168, KAMPUNG PARIT SAMIJAN, 86400 PARIT RAJA, BATU PAHAT', '0', '86400', 'BATU PAHAT', 'JOHOR', '0', '0', 0, 2, 0, 0, 12, '', '', '', ''),
('741017016948', 'SULASTEKI BINTI SHAHARI', '1974-10-17', '0', 'PEREMPUAN', 'BATU PAHAT', 'MELAYU', 'JANDA', 'ISLAM', '0', '0', 'PEMBANTU KANTIN', 650, 'SPM/MCE', 3, 'TL 53, KAMPUNG PARIT SAMIJAN,', 'MUKIM 8,', '86400', 'BATU PAHAT', 'JOHOR', '0', '0', 0, 0, 0, 0, 12, '', '', '', ''),
('741017017027', 'MOHD NOOR AMIN BIN MOHD AIDIN', '1974-10-17', '0', 'LELAKI', 'BATU PAHAT,JOHOR', 'MELAYU', 'BERKAHWIN', 'ISLAM', '0177983563', '0', 'KILANG', 1600, 'SPM/MCE', 4, 'POS 36 A, KAMPUNG PARIT KARJO, 86400 PARIT RAJA, BATU PAHAT, JOHOR', '0', '86400', 'BATU PAHAT', 'JOHOR', '0', '0', 0, 0, 0, 0, 11, '', '', '', ''),
('750103015583', 'MOHD HAROL BIN MOHD HARON', '1975-01-03', '0', 'LELAKI', 'JOHOR', 'MELAYU', 'BERKAHWIN', 'ISLAM', '0127518574', '0', 'PEMANDU', 1900, 'SPM/MCE', 4, 'KAMPUNG PARIT KARJO,', 'MUKIM 8, PARIT RAJA', '86400', 'BATU PAHAT', 'JOHOR', '0', '0', 1, 0, 0, 0, 11, '', '', '', ''),
('750404055351', 'KAMARUDIN BIN IBRAHIM', '1075-04-04', '0', 'LELAKI', 'NEGERI SEMBILAN', 'MELAYU', 'BERKAHWIN', 'ISLAM', '0177304415', '0', 'JURUTERA PROJEK', 5500, 'DIPLOMA', 2, 'JPK 17 PARIT KARJO 86400 PARIT RAJA, BATU PAHAT, JOHOR', '0', '86400', 'BATU PAHAT', 'JOHOR', '0', '0', 1, 0, 0, 0, 11, '', '', '', ''),
('750410015225', 'KAMAL BIN JASMAN', '1975-04-10', '0', 'LELAKI', 'BATU PAHAT', 'MELAYU', 'BERKAHWIN', 'ISLAM', '0127616641', '0', 'GURU', 6515.6, 'SARJANA', 3, 'POS 47, KG PARIT SAMIJAN, MK8', 'PARIT RAJA', '86400', 'BATU PAHAT', 'JOHOR', '0', '0', 2, 1, 0, 0, 12, '', '', '', ''),
('750518017177', 'MOHD NASIR BIN MOHD MAZLAN', '1975-05-18', '0', 'LELAKI', 'AIR HITAM, JOHOR', 'MELAYU', 'BERKAHWIN', 'ISLAM', '0177501685', '0', 'BURUH', 900, 'SRP/LCE', 2, 'POS 5A, KG PARIT SAMIJAN, ', 'PARIT RAJA', '86400', 'BATU PAHAT', 'JOHOR', '0', '0', 0, 0, 0, 0, 12, '', '', '', ''),
('750610016695', 'MD. ROZI BIN MOHAMAD', '1975-06-10', '0', 'LELAKI', 'BATU PAHAT', 'MELAYU', 'BERKAHWIN', 'ISLAM', '0167234577', '0', 'PEMANDU', 1500, 'SPM/MCE', 3, 'POS 41, KAMPUNG PARIT SAMIJAN, MUKIM 8, PARIT RAJA', '0', '86400', 'BATU PAHAT', 'JOHOR', '0', '0', 1, 3, 0, 0, 12, '', '', '', ''),
('751002017293', 'HUSNIZAN BIN HUSAIN', '1975-10-02', '0', 'LELAKI', 'HOSPITAL BATU PAHAT', 'MELAYU', 'BERKAHWIN', 'ISLAM', '0177907750', '0', 'SWASTA', 1500, 'DIPLOMA', 3, 'POS 5B-1, LORONG WAWASAN 2, KAMPUNG PARIT KARJO, MUKIM 8, PARIT RAJA', '0', '86400', 'BATU PAHAT', 'JOHOR', '0', '0', 1, 2, 0, 0, 11, '', '', '', ''),
('751007016505', 'MUHAMAD SALLEH BIN RUSMAN', '1975-10-07', '0', 'LELAKI', 'HOSPITAL BATU PAHAT', 'MELAYU', 'BERKAHWIN', 'ISLAM', '019784489', '0', 'KERJA KILANG', 2500, 'SPM/MCE', 2, 'POS 16 A, LORONG HIKMAH 2, KAMPUNG PARIT SAMIJAN,', 'MK 8, PARIT RAJA,', '86400', 'BATU PAHAT', 'JOHOR', '0', '0', 1, 2, 0, 0, 12, '', '', '', ''),
('751215125677', 'ABDUL LATIF BIN BEDUKA', '1975-12-15', '0', 'LELAKI', 'LAHAD DATU', 'LAIN-LAIN', 'BERKAHWIN', 'ISLAM', '01139602040', 'atip1861@gmail.com', 'OPERATOR PENGELUARAN', 680, 'SPM/MCE', 4, 'NO  2, BATU 10 LORONG MUDA, JALAN KLUANG, PARIT RAJA', '0', '86400', 'BATU PAHAT', 'JOHOR', '0', '0', 0, 2, 0, 0, 11, '', '', '', ''),
('751226016441', 'YAZID BIN MOHD TAIB', '1975-12-26', '0', 'LELAKI', 'PARIT KASPAN', 'MELAYU', 'BERKAHWIN', 'ISLAM', '0127473104', '0', 'KILANG', 2200, 'SPM/MCE', 2, 'KAMPUNG PARIT SAMIJAN MK 8, BATU 101/2 PARIT RAJA, 86400 NATU PAHAT JOHOR', '0', '86400', 'BATU PAHAT', 'JOHOR', '0', '0', 1, 0, 0, 0, 12, '', '', '', ''),
('760222016465', 'AZRI BIN MUDIAR', '1976-02-22', '0', 'LELAKI', 'BATU PAHAT', 'MELAYU', 'BERKAHWIN', 'ISLAM', '0197455758', 'shah-faezah@yahoo.com', 'PEMANDU LORI', 3000, 'SPM/MCE', 3, 'NO. 69, LORONG SINGGAHSANA, PARIT KARJO', 'PARIT RAJA', '86400', 'BATU PAHAT', 'JOHOR', '0', '0', 1, 1, 0, 0, 11, '', '', '', ''),
('760412016343', 'BADRUZAMAN BIN ABDULLAH', '1976-04-12', '0', 'LELAKI', 'BATU PAHAT', 'MELAYU', 'BUJANG', 'ISLAM', '0143245692', '0', 'BURUH', 600, 'SPM/MCE', 1, 'NO 6', 'JALAN GADING', '86400', 'BATU PAHAT', 'JOHOR', '2 EKAR', 'BENGKEL BAD', 1, 1, 0, 0, 12, '', '', '', ''),
('760717015157', 'MOHAMAD FARID BIN SIES', '1976-07-17', '0', 'LELAKI', 'BATU PAHAT', 'MELAYU', 'BERKAHWIN', 'ISLAM', '0127624314', 'FARIDSIES@GMAIL.COM', 'FELO INDUSTRI', 6500, 'SARJANA MUDA', 3, 'NO 7, JALAN GADING BISTARI 1, TAMAN GADING BISTARI, PARIT SAMIJAN, 86400, BATU PAHAT', '0', '86400', 'BATU PAHAT', 'JOHOR', '0', '0', 2, 1, 0, 0, 12, '', '', '', ''),
('760907015297', 'SAHIDIN BIN GHAZALI', '1976-09-07', '0', 'LELAKI', 'BATU PAHAT', 'MELAYU', 'BERKAHWIN', 'ISLAM', '0137873611', '0', 'PENOLONG JURUTERA', 4500, 'SPM/MCE', 4, 'POS 48 KG PARIT KARJO', 'PARIT RAJA', '86400', 'BATU PAHAT', 'JOHOR', '2 EKAR', '0', 4, 1, 0, 0, 11, '', '', '', ''),
('770403016279', 'M NAZERI BIN HAJI SARMIJAN', '1977-04-03', '0', 'LELAKI', 'BATU PAHAT', 'MELAYU', 'BERKAHWIN', 'ISLAM', '0197022411', 'ajin772004@gmail.com', 'PENOLONG JURUTERA', 3000, 'DIPLOMA', 4, 'JPK 16, KG PARIT KARJO', 'PARIT RAJA', '86400', 'BATU PAHAT', 'JOHOR', '0', '0', 2, 2, 0, 0, 11, '', '', '', ''),
('770524016275', 'ZAINAL ABIDEN BIN HANI', '1977-05-24', '0', 'LELAKI', 'JOHOR BHARU', 'MELAYU', 'BERKAHWIN', 'ISLAM', '019778730', '0', 'GURU', 3500, 'SARJANA MUDA', 0, 'NO 39, TAMAN GADING BISTARI, PARIT SAMIJAN, PARIT RAJA, 86400 BATU PAHAT, JOHOR', '0', '86400', 'BATU PAHAT', 'JOHOR', '0', '0', 2, 1, 0, 0, 12, '', '', '', ''),
('770611016281', 'MOHD AIZAL BIN SELAMAT', '1977-06-11', '0', 'LELAKI', 'BATU PAHAT', 'MELAYU', 'BERKAHWIN', 'ISLAM', '0137796809', '0', 'KONTRAKTOR', 4000, 'SPM/MCE', 5, 'NO. 57, KAMPUNG PARIT KARJO', '0', '86400', 'BATU PAHAT', 'JOHOR', '1.2 EKAR', '0', 3, 1, 1, 0, 11, '', '', '', ''),
('770728016955', 'ASRUL AFENDI BIN MOHD SAID', '1977-07-28', '0', 'LELAKI', 'BATU PAHAT', 'MELAYU', 'BERKAHWIN', 'ISLAM', '0127307641', '0', 'PENYELIA', 3259, 'SPM/MCE', 3, 'NO. 5C, LORONG WAWASAN 2, JALAN PARIT KARJO', '0', '86400', 'BATU PAHAT', 'JOHOR', '0', '0', 1, 2, 0, 0, 11, '', '', '', ''),
('771112016345', 'IBRAHIM BIN SAMAD', '1977-11-12', '0', 'LELAKI', 'HOSPITAL JOHOR', 'MELAYU', 'BERKAHWIN', 'ISLAM', '0177288557', '0', 'PEKERJA AM', 1100, 'SRP/LCE', 0, 'NO 4, LORONG HIKMAH 1, KAMPUNG PARIT SAMIJAN, SRI GADING', '0', '86400', 'BATU PAHAT', 'JOHOR', '0', '0', 1, 1, 0, 0, 12, '', '', '', ''),
('771130016621', 'MOHD NOOR BIN SELAMAT', '1977-11-30', '0', 'LELAKI', 'PARIT SAMIJAN', 'MELAYU', 'BERKAHWIN', 'ISLAM', '0197940821', '0', 'PEMANDU LORI', 1200, 'SRP/LCE', 5, 'TL 68/3, KAMPUNG PARIT SAMIJAN, PARIT RAJA', '0', '86400', 'BATU PAHAT', 'JOHOR', '0', '0', 0, 0, 0, 0, 12, '', '', '', ''),
('771204015817', 'MOHD ZAIDI BIN JONET', '1977-12-04', '0', 'LELAKI', 'HOSPITAL BATU PAHAT', 'MELAYU', 'BERKAHWIN', 'ISLAM', '01111471727', '0', 'PEMANDU LORI', 1300, 'SPM/MCE', 2, 'POS 5C, KAMPUNG PARIT SAMIJAN,', 'PARIT RAJA,', '86400', 'BATU PAHAT', 'JOHOR', '0', '0', 1, 2, 0, 0, 12, '', '', '', ''),
('780127015219', 'MOHD JEFFERI BIN ABU BAKAR', '1978-01-27', '0', 'LELAKI', 'SRI LALANG KLUANG', 'MELAYU', 'BERKAHWIN', 'ISLAM', '0127216457', 'JEFFERI20707@GMAIL.COM', 'PEMBANTU RESTORAN', 900, 'SRP/LCE', 2, 'NO 17, KAMPUNG PARIT SAMIJAN,', 'PARIT RAJA,', '86400', 'BATU PAHAT', 'JOHOR', '0', '0', 1, 4, 0, 0, 12, '', '', '', ''),
('780211017161', 'HAMZAH BIN JAMRI', '1978-02-11', '0', 'LELAKI', 'PARIT SULONG, BATU PAHAT', 'MELAYU', 'BERKAHWIN', 'ISLAM', '0184684806', 'muqarrabin0802@gmail.com', 'PENIAGA', 2000, 'SARJANA MUDA', 1, 'POS 41/2, LORONG HIKMAH 1, JALAN KLUANG, PARIT SAMIJAN,', 'PARIT RAJA', '86400', 'BATU PAHAT', 'JOHOR', '0', '0', 2, 0, 0, 0, 12, '', '', '', ''),
('780812015188', 'NOR ALEA BINTI ABDULLAH', '1978-08-12', '0', 'PEREMPUAN', 'HOSPITAL BATU PAHAT', 'MELAYU', 'BERKAHWIN', 'ISLAM', '0107123951', '0', 'TUKANG JAHIT', 1000, 'SRP/LCE', 3, 'KAMPUNG PARIT SAMIJAN', '0', '86400', 'BATU PAHAT', 'JOHOR', '0', '0', 0, 0, 0, 0, 12, '', '', '', ''),
('780920015513', 'MOHAMAD NAZIR BIN PASIMEN', '1978-09-20', '0', 'LELAKI', 'BATU PAHAT', 'MELAYU', 'BERKAHWIN', 'ISLAM', '0177855020', '0', 'PEMANDU KENDERAAN', 2480.65, 'SPM/MCE', 2, 'NO 34, KG PARIT KARJO', 'PARIT RAJA', '86400', 'BATU PAHAT', 'JOHOR', '0', '0', 1, 2, 0, 0, 11, '', '', '', ''),
('781022015137', 'MOHD NAZRI BIN ABD GHANI', '1978-10-22', '0', 'LELAKI', 'BATU PAHAT', 'MELAYU', 'BERKAHWIN', 'ISLAM', '01117676078', '0', 'SWM', 1000, 'SPM/MCE', 0, 'LORONG HIKMAH 1, KG PARIT SAMIJAN, MK8', 'PARIT RAJA', '86400', 'BATU PAHAT', 'JOHOR', '0', '0', 1, 1, 0, 0, 12, '', '', '', ''),
('790122086009', 'ZURAINEE B. UJALI', '1979-01-22', '0', 'LELAKI', 'BATU GAJAH PERAK', 'MELAYU', 'BUJANG', 'ISLAM', '0183741619', '0', 'SENDIRI', 2000, 'SPM/MCE', 0, 'TL 16, NO 2, LORONG PERMATA BONDA,', 'JALAN PARIT KARJO,', '86400', 'BATU PAHAT', 'JOHOR', '0', '0', 1, 1, 0, 0, 11, '', '', '', ''),
('790718015121', 'AZAHARI BIN BUANG', '1979-07-18', '0', 'LELAKI', 'BATU PAHAT', 'MELAYU', 'BERKAHWIN', 'ISLAM', '0137070701', '0', 'KIMPALAN', 1200, 'SPM/MCE', 3, 'KAMPUNG PARIT KARJO, ', 'MK8, PARIT RAJA,', '86400', 'BATU PAHAT', 'JOHOR', '0', '0', 2, 0, 0, 0, 11, '', '', '', ''),
('790814017071', 'HAIRI BIN JAMARI', '1979-08-14', '0', 'LELAKI', 'BATU PAHAT', 'MELAYU', 'BERKAHWIN', 'ISLAM', '01112764044', '0', 'BENGKEL', 1500, 'SRP/LCE', 5, 'TL 56, KAMPUNG PARIT SAMIJAN', '0', '86400', 'BATU PAHAT', 'JOHOR', '0', '0', 1, 1, 0, 0, 12, '', '', '', ''),
('791008085779', 'ALJOHARI BIN AHMAD HASHIM HAWARI', '1979-10-08', '0', 'LELAKI', 'IPOH PERAK', 'MELAYU', 'BERKAHWIN', 'ISLAM', '0195138555', 'ALJOHARI@YAHOO.COM', 'BENDAHARI KOPERASI/ BERNIAGA', 1000, 'SARJANA MUDA', 4, '37, TAMAN GADING BISTARI, OFF PARIT SAMIJAN ,PARIT RAJA 86400 BATU PAHAT, JOHOR DARUL TAKZIM', '0', '86400', 'BATU PAHAT', 'JOHOR', '0', '0', 2, 0, 0, 0, 12, '', '', '', ''),
('791220015911', 'MOHD EZRINOR BIN AHMAD', '1979-12-20', '0', 'LELAKI', 'HOSPITAL MUAR', 'MELAYU', 'BERKAHWIN', 'ISLAM', '0177003927', '0', 'SENDIRI', 1000, 'SPM/MCE', 3, 'KAMPUNG PARIT SAMIJAN,', 'PARIT RAJA,', '86400', 'BATU PAHAT', 'JOHOR', '0', '0', 1, 1, 0, 0, 11, '', '', '', ''),
('79846464', 'TESTTEST', '3333-05-23', '0', 'LELAKI', 'IHUHIG', 'MELAYU', 'BERKAHWIN', 'BUDHA', '4546', '0', 'KLLJ', 4444440, 'TIDAK BERSEKOLAH', 2, 'KJ', 'JKLJ', 'jll', 'KJK', 'LKJL', 'L;J', 'KLJ', 2, 2, 2, 2, 10, 'ASNAF', 'SURAU AL IKHLAS', 'MASJID UTHM', ''),
('800929016139', 'MUHAMAD ROSLI BIN MUHAMAD@SAKIP', '1980-09-29', '0', 'LELAKI', 'BATU PAHAT', 'MELAYU', 'BERKAHWIN', 'ISLAM', '0127053192', '0', 'TUKANG RUMAH', 0, 'SPM/MCE', 3, '87', 'KAMPUNG PARIT SAMIJAN', '86400', 'BATU PAHAT', 'JOHOR', '0', '0', 1, 2, 0, 0, 12, '', '', '', ''),
('801104016657', 'HAIRUL BIN JAMARI', '1980-11-04', '0', 'LELAKI', 'HOSPITAL BATU PAHAT', 'MELAYU', 'BERKAHWIN', 'ISLAM', '0127416562', '0', 'MEKANIK', 1500, 'SPM/MCE', 1, 'KAMPUNG PARIT SAMIJAN, MUKIM 8,', 'PARIT RAJA', '86400', 'BATU PAHAT', 'JOHOR', '0', '0', 1, 1, 0, 0, 12, '', '', '', ''),
('810411015755', 'MOHD RASHIDI BIN ADAM', '1981-11-04', '0', 'LELAKI', 'KAMPUNG PARIT HAJI SALLEH ROS', 'MELAYU', 'BERKAHWIN', 'ISLAM', '0177534599', '0', 'KREW PRODUCTION', 1500, 'SPM/MCE', 1, 'NO 1, LORONG HIKMAH 1, KAMPUNG SAMIJAN 86400 PARIT RAJA BATU PAHAT JOHOR', '0', '86400', 'BATU PAHAT', 'JOHOR', '0', '0', 1, 2, 0, 0, 12, '', '', '', ''),
('810928015512', 'NORASMAH BINTI MOHD NOAH', '1981-09-28', '0', 'PEREMPUAN', 'BATU PAHAT', 'MELAYU', 'JANDA', 'ISLAM', '01112100976', 'annur2809@gmail.com', 'PENIAGA', 800, 'SPM/MCE', 5, 'NO 3, LORONG HIKMAH 1, KAMPUNG PARIT SAMIJAN ', '0', '86400', 'BATU PAHAT', 'JOHOR', '0', '0', 1, 2, 0, 0, 12, '', '', '', '');
INSERT INTO `ketua_keluarga` (`no_kp`, `nama`, `tarikh_lahir`, `ketua_umur`, `jantina`, `tempat_lahir`, `keturunan`, `taraf_kahwin`, `agama`, `no_hp`, `emel`, `pekerjaan`, `pendapatan`, `pendidikan`, `jumlah_anak`, `alamat_1`, `alamat_2`, `poskod`, `bandar`, `negeri`, `luas_tanah`, `kilang_kedai`, `jumlah_kereta`, `jumlah_motosikal`, `jumlah_lori`, `jumlah_bas`, `ketua_mukim`, `asnaf`, `ketua_surau`, `ketua_masjid`, `ketua_status`) VALUES
('820126035019', 'MOHD ASRUL BIN AFFANDI ABDULLAH', '1982-01-26', '0', 'LELAKI', 'KAMPUNG MACHANG LIMBAT', 'MELAYU', 'BUJANG', 'ISLAM', '0199798705', 'HAZNIXASH@GMAIL.COM', 'PENSYARAH', 0, 'PhD', 0, 'TL 16, JALAN PARIT KARJO, 86400, PARIT RAJA', '0', '86400', 'BATU PAHAT', 'JOHOR', '0', '0', 0, 0, 0, 0, 11, '', '', '', ''),
('820413016187', 'RAHIM BIN ABU NAIM', '1982-04-13', '0', 'LELAKI', 'BATU PAHAT', 'MELAYU', 'BERKAHWIN', 'ISLAM', '01123112228', 'RAHIMABUNAIM6187@GMAIL.COM', 'WIREMAN', 1560, 'SPM/MCE', 3, '5H', 'KAMPUNG PARIT SAMIJAN', '86400', 'BATU PAHAT', 'JOHOR', '0', '0', 1, 1, 0, 0, 12, '', '', '', ''),
('820615016425', 'HAZALI BIN JAMARI', '1982-06-15', '0', 'LELAKI', 'HOSPITAL BATU PAHAT', 'MELAYU', 'BERKAHWIN', 'ISLAM', '0127345046', '0', 'WORKSHOP', 2000, 'SPM/MCE', 3, 'T/L 56, KAMPUNG PARIT SAMIJAN', '0', '86400', 'BATU PAHAT', 'JOHOR', '0', '0', 0, 0, 0, 0, 12, '', '', '', ''),
('820709015765', 'MUHAMMAD NIZAM B MD ZAINI', '1982-07-09', '0', 'LELAKI', 'HOSPITAL BATU PAHAT', 'MELAYU', 'BERKAHWIN', 'ISLAM', '0127255031', '0', 'BERNIAGA', 2000, 'SRP/LCE', 3, 'TIANG LAMPU 14, KM 17,', 'KAMPUNG PARIT SAMIJAN, PARIT RAJA,', '86400', 'BATU PAHAT', 'JOHOR', '0', '0', 2, 1, 0, 0, 12, '', '', '', ''),
('821212016345', 'M. FAIZUL HAFFIZ BIN KAMSANI', '1982-12-12', '0', 'LELAKI', 'BATU PAHAT', 'MELAYU', 'BERKAHWIN', 'ISLAM', '0127667792', 'mycikgufaizul@gmail.com', 'GURU', 6200, 'SARJANA MUDA', 4, 'NO 1, LORONG WAWASAN 2, KG PARIT KARJO', 'PARIT RASA', '86400', 'BATU PAHAT', 'JOHOR', '0', '0', 2, 2, 0, 0, 11, '', '', '', ''),
('830221015015', 'MOHD RAZIF BIN A. RASIP', '1983-02-21', '0', 'LELAKI', 'HOSPITAL BESAR, JOHOR BAHRU', 'MELAYU', 'BERKAHWIN', 'ISLAM', '0123626937', 'Razifbudaknakal@yahoo.com', 'SECURITY GUARD GANTIAN', 215, 'SRP/LCE', 1, 'NO 9, LORONG SINGGAHSANA', 'PARIT RAJA', '86400', 'BATU PAHAT', 'JOHOR', '0', '0', 0, 1, 0, 0, 11, '', '', '', ''),
('830321016015', 'RIZEMAN BIN MUHD SAM', '1983-03-21', '0', 'LELAKI', 'BATU PAHAT', 'MELAYU', 'BUJANG', 'ISLAM', '0177781529', '0', 'BURUH', 1200, 'SRP/LCE', 0, 'KAMPUNG PARIT SAMIJAN MK 8, 86400 PARIT RAJA, JOHOR', '0', '86400', 'BATU PAHAT', 'JOHOR', '0', '0', 1, 1, 0, 0, 12, '', '', '', ''),
('830331015729', 'MOHD HASRUZAMAN BIN PESMAN', '1983-03-31', '0', 'LELAKI', 'MUAR', 'MELAYU', 'BERKAHWIN', 'ISLAM', '01279663740', 'hasruzaman83@gmail.com', 'SAJ', 2300, 'DIPLOMA', 3, 'NO 15, JALAN GADING BISTARI, TAMAN GADING BISTARI, PARIT SAMIJAN, PARIT RAJA', '0', '86400', 'BATU PAHAT', 'JOHOR', '0', '0', 2, 1, 0, 0, 12, '', '', '', ''),
('830406015345', 'HARNIZAN BIN ARDANI', '1983-04-06', '0', 'LELAKI', 'JOHOR BAHRU', 'MELAYU', 'BERKAHWIN', 'ISLAM', '0173954138', 'jalaklanteng5123@gmail.com', 'KEMENTERIAN DALAM NEGERI', 2700, 'SPM/MCE', 2, 'JPK  21 (B) JLN PT KARJO', 'PARIT RAJA', '86400', 'BATU PAHAT', 'JOHOR', '0', '0', 2, 1, 0, 0, 11, '', '', '', ''),
('830507105673', 'MOHD AHYAR BIN BAHARUDIN', '1983-05-07', '0', 'LELAKI', 'AMPANG SELANGOR', 'MELAYU', 'BERKAHWIN', 'ISLAM', '0136526581', '0', 'BEKERJA SENDIRI', 1000, 'SPM/MCE', 1, 'TL 40, KAMPUNG PARIT HAJI SAMIJAN', '0', '86400', 'BATU PAHAT', 'JOHOR', '0', '0', 0, 0, 0, 0, 12, '', '', '', ''),
('830510045149', 'MOHAMMAD NASIR BIN MOHAMAD TAHER', '1983-05-10', '0', 'LELAKI', 'MELAKA', 'MELAYU', 'BERKAHWIN', 'ISLAM', '0129797536', 'NASIRT83@GMAIL.COM', 'FELO INDUSTRI', 6890, 'SARJANA', 1, 'NO 31, JALAN GADING BISTARI 1, TAMAN GADING BISTARI, PARIT SAMIJAN, 86400 PARIT RAJA, JOHOR', '0', '86400', 'BATU PAHAT', 'JOHOR', '0', '0', 2, 0, 0, 0, 12, '', '', '', ''),
('840402016083', 'MD. SAHRIZAL BIN MD. YUSOB', '1984-04-02', '0', 'LELAKI', 'BATU PAHAT', 'MELAYU', 'BERKAHWIN', 'ISLAM', '0167717307', 'md.sahrizal@yahoo.com', 'SENDIRI', 3000, 'DIPLOMA', 2, 'T/L 49, KG PARIT SAMIJAN, MUKIM 8,', 'PARIT RAJA', '83400', 'BATU PAHAT', 'JOHOR', '0', '1', 2, 1, 0, 0, 12, '', '', '', ''),
('841011035935', 'AHMAD HAKIMI BIN MAT NOR', '1984-10-11', '0', 'LELAKI', 'PASIR MAS, KELANTAN', 'MELAYU', 'BERKAHWIN', 'ISLAM', '0137139510', 'ltmhakimi@gmail.com', 'PENSYARAH', 6800, 'SARJANA', 2, 'NO 21 JALAN GADING BISTARI 1, TAMAN GADING BISTARI', 'PT SAMIJAN,', '86400', 'BATU PAHAT', 'JOHOR', '0', '0', 2, 0, 0, 0, 12, '', '', '', ''),
('841031016029', 'MOHAMAD WAZIR SHAFIX BIN OSMAN', '1984-10-31', '0', 'LELAKI', 'SEGAMAT', 'MELAYU', 'BUJANG', 'ISLAM', '0177629362', 'wazir.shafix@gmail.com', 'PENGAJAR', 4000, 'SARJANA', 1, 'NO 29, TAMADN GADING BISTARI,', 'PARIT SAMIJAN, PARIT RAJA,', '86400', 'BATU PAHAT', 'JOHOR', '0', '0', 0, 0, 0, 0, 0, '', '', '', ''),
('850114016125', 'NOOR NASRIQ BIN SELAMAT', '1985-01-14', '0', 'LELAKI', 'YONG PENG, JOHOR', 'MELAYU', 'BERKAHWIN', 'ISLAM', '0122420689', 'nasriq@uthm.edu.my', 'PENOLONG PENGAWAI TEKNOLOGI MAKLUMAT', 1800, 'DIPLOMA', 5, 'NO 27, JALAN GADING BISTARI 1, TAMAN GADING BESTARI', 'PARIT SAMIJAN', '86400', 'BATU PAHAT', 'JOHOR', '0', '0', 2, 1, 0, 0, 12, '', '', '', ''),
('850120035429', 'MOHD NORISWANDY BIN PARMIN', '1985-01-20', '0', 'LELAKI', 'KOTA BHARU, KELANTAN', 'MELAYU', 'BUJANG', 'ISLAM', '01163748945', 'abuwandys@gmail.com', 'PENCUCI KERETA', 1200, 'SPM/MCE', 2, 'POS 51, KAMPUNG PARIT KARJO,', 'MK8, PARIT RAJA', '86400', 'BATU PAHAT', 'JOHOR', '2.5 EKAR', '0', 2, 2, 0, 0, 11, '', '', '', ''),
('850531115757', 'MOHD ARIF FAIZAL BIN ANUAR', '1985-05-31', '0', 'LELAKI', 'KUALA TERENGGANU', 'MELAYU', 'BERKAHWIN', 'ISLAM', '0137597578', 'arifptek@gmail.com', 'PENSYARAH KV', 3000, 'SARJANA MUDA', 2, 'NO 33 JALAN GADING BISTARI, TAMAN GADING BISTARI', 'PARIT SAMIJAN, PARIT RAJA', '86400', 'BATU PAHAT', 'JOHOR', '0', '0', 3, 1, 0, 0, 12, '', '', '', ''),
('850712015851', 'MUHAMMAD SYAFIQ BIN BASRI', '1985-07-12', '0', 'LELAKI', 'HOSPITAL BATU PAHAT', 'MELAYU', 'BERKAHWIN', 'ISLAM', '0123408130', '0', 'TECHNICIAN', 5000, 'DIPLOMA', 1, 'POS 60', 'KG PARIT KARJO, PARIT RAJA', '86400', 'BATU PAHAT', 'JOHOR', '0', '0', 0, 0, 0, 0, 11, '', '', '', ''),
('850817045053', 'EZLAN SHAH BIN MOHD KHAFE', '1985-08-17', '0', 'LELAKI', 'MELAKA', 'MELAYU', 'BERKAHWIN', 'ISLAM', '0179883718', '0', 'GURU', 4000, 'SARJANA MUDA', 0, 'NO 9, LORONG HIKMAH 4, PARIT SAMIJAN 86400 PARIT RAJA, BATU PAHAT', '0', '86400', 'BATU PAHAT', 'JOHOR', '0', '0', 2, 0, 0, 0, 12, '', '', '', ''),
('850925016567', 'HAMIDUN BIN MOHD NOH ', '1985-09-25', '0', 'LELAKI', 'KOTA TINGGI', 'MELAYU', 'BERKAHWIN', 'ISLAM', '0133417303', 'dondagreat85@gmail.com', 'PENSYARAH', 0, 'PhD', 1, '19, TAMAN GADING BISTARI, PARIT SAMIJAN', '0', '86400', 'BATU PAHAT', 'JOHOR', '0', '0', 0, 0, 0, 0, 12, '', '', '', ''),
('851105016101', 'MOHD SHAHRIR B. MOHD SABAR', '1985-11-05', '0', 'LELAKI', 'BATU PAHAT', 'MELAYU', 'BERKAHWIN', 'ISLAM', '0137339119', 'qizaramuslim@gmail.com', 'GURU', 4000, 'SARJANA MUDA', 4, 'NO 5, JLN GADING BISTARI, TAMAN GADING BISTARI,', 'PARIT SAMIJAN, PARIT RAJA,', '86400', 'BATU PAHAT', 'JOHOR', '0', '0', 2, 1, 0, 0, 12, '', '', '', ''),
('860109565145', 'MOHD HARIZAL BIN HANIPAH', '1986-01-09', '0', 'LELAKI', 'HUKL', 'MELAYU', 'BERKAHWIN', 'ISLAM', '0134262426', 'mhhengi@gmail.com', 'PELAJAR', 0, 'SARJANA', 2, 'NO 11, TAMAN GADING RAYA', 'SRI GADING', '83300', 'BATU PAHAT', 'JOHOR', '0', '0', 0, 0, 0, 0, 11, '', '', '', ''),
('860218235479', 'HAZLAN BIN JAMARI', '1986-02-18', '0', 'LELAKI', 'BATU PAHAT', 'MELAYU', 'BERKAHWIN', 'ISLAM', '0177500394', '0', 'MEKANIK', 1500, 'SPM/MCE', 1, 'TL 56, KAMPUNG PARIT SAMIJAN, 86400 PARIT RAJA, BATU PAHAT, JOHOR', '0', '86400', 'BATU PAHAT', 'JOHOR', '0', '0', 1, 1, 0, 0, 12, '', '', '', ''),
('860327236665', 'AHMAD AZREEN BIN ABDUL HAIR', '1986-03-27', '0', 'LELAKI', 'HOSPITAL BATU PAHAT', 'MELAYU', 'BERKAHWIN', 'ISLAM', '0137685331', '0', 'KERANI PEJABAT POS', 1500, 'DIPLOMA', 3, 'POS 33/2', 'KAMPUNG PARIT SAMIJAN', '86400', 'BATU PAHAT', 'JOHOR', '0', '0', 2, 2, 0, 0, 12, '', '', '', ''),
('861225235957', 'MOHD HAFIZAN BIN ABU BAKAR', '1986-12-25', '0', 'LELAKI', 'HOSPITAL PONTIAN', 'MELAYU', 'BERKAHWIN', 'ISLAM', '01124084855', '0', 'MAINTENANCE', 1000, 'SPM/MCE', 0, 'KAMPUNG PARIT KARJO, LORONG SINGAH SANA NO 5', '0', '86400', 'BATU PAHAT', 'JOHOR', '0', '0', 1, 2, 0, 0, 11, '', '', '', ''),
('870101146287', 'MUHD ZUHDI BIN MUZAINI', '1987-01-01', '0', 'LELAKI', 'HBKL', 'MELAYU', 'BERKAHWIN', 'ISLAM', '0197559386', 'MZMUZINI@GMAIL.COM', 'SENDIRI', 2000, 'DIPLOMA', 1, 'POS 70, KAMPUNG PARIT KARJO, MK 8, 86400 PARIT RAJA, BATU PAHAT, JOHOR', '0', '86400', 'BATU PAHAT', 'JOHOR', '0', '0', 2, 1, 0, 0, 11, '', '', '', ''),
('870115235264', 'NORHARIYANTI BINTI ZULKAPLE', '1987-01-15', '0', 'PEREMPUAN', 'BATU PAHAT', 'MELAYU', 'BUJANG', 'ISLAM', '0123401417', 'norhariyantizulkaple@gmail.com', 'PEMBANTU TADBIR', 2164, 'SPM/MCE', 0, 'NO 55 TIANG LAMPU PS42 PARIT SAMIJAN, PARIT RAJA', '0', '0', '0', '0', '0', '0', 1, 0, 0, 0, 12, '', '', '', ''),
('870316015399', 'RAHMAT BIN ROSLAN', '1987-03-16', '0', 'LELAKI', 'BATU PAHAT', 'MELAYU', 'BERKAHWIN', 'ISLAM', '0197002841', 'RAHMAT700@GMAIL.COM', 'JIRITEKNIK', 1600, 'DIPLOMA', 0, 'TL 10 KAMPUNG PARIT LAPIS KADIR SENGGARANG 83210 BATU PAHAT JOHOR', '0', '83210', 'BATU PAHAT', 'JOHOR', '0', '0', 1, 1, 0, 0, 12, '', '', '', ''),
('871202015379', 'MOHD NASRUDDIN BIN ISMAIL', '1987-12-02', '0', 'LELAKI', 'BATU PAHAT', 'MELAYU', 'BERKAHWIN', 'ISLAM', '0107177829', '0', 'OPERATOR KILANG', 2300, 'STPM', 0, '2 TL JPK 312 LOT 6152', 'LORONG WAWASAN 2 KG PARIT KARJO, PARIT RAJA', '86400', 'BATU PAHAT', 'JOHOR', '0', '0', 1, 3, 0, 0, 11, '', '', '', ''),
('890902015285', 'MUHAMMAD HAIRULNIZAM BIN IKHWAN', '1989-09-02', '0', 'LELAKI', 'HOSPITAL BATU PAHAT', 'MELAYU', 'BERKAHWIN', 'ISLAM', '01129723857', '0', 'PEKERJA KILANG', 1300, 'SPM/MCE', 0, 'NO 13, LORONG SINGGAH SANA , ', 'JALAN PARIT KARJO', '86400', 'BATU PAHAT', 'JOHOR', '0', '0', 1, 2, 0, 0, 11, '', '', '', ''),
('930621016701', 'MOHAMAD NORHALIM BIN MISRI', '1993-06-21', '0', 'LELAKI', 'BATU PAHAT', 'MELAYU', 'BERKAHWIN', 'ISLAM', '0177347237', 'mnorhalim@uthm.edu.my', 'PEMBANTU TADBIR', 1000, 'DIPLOMA', 0, 'KG PARIT HAJI SALLEH ROS,', 'PARIT RAJA', '86400', 'BATU PAHAT', 'JOHOR', '0', '0', 0, 0, 0, 0, 11, '', '', '', ''),
('950926026247', 'AHMAD IKHWAN BIN BAHADON', '1995-09-26', '0', 'LELAKI', '0', 'MELAYU', 'BERKAHWIN', 'ISLAM', '0198852652', '0', 'OPERATOR', 1100, 'DIPLOMA', 0, 'NO3, JALAN KLUNG, PARIT HAJI KARJO, PARIT RAJA, 86400 BATU PAHAT, JOHOR.', '0', '86400', 'BATU PAHAT', 'JOHOR', '0', '0', 0, 0, 0, 0, 11, '', '', '', ''),
('960806015497', 'MUHAMMAD AMIRUDDIN BIN MOHD YUSOF', '1996-08-06', '0', 'LELAKI', 'HOSPITAL BATU PAHAT', 'MELAYU', 'BERKAHWIN', 'ISLAM', '0177205991', 'AMIRPOPOI680@GMAIL.COM', 'STAFF PRODUCTION', 1200, 'DIPLOMA', 0, 'NO 5, LORONG MUDA, KM 17 JALAN KLUANG, 86400 PARIT RAJA', '0', '86400', 'BATU PAHAT', 'JOHOR', '0', '0', 1, 1, 0, 0, 11, '', '', '', '');

-- --------------------------------------------------------

--
-- Table structure for table `masjid`
--

CREATE TABLE `masjid` (
  `masjid_id` int(11) NOT NULL,
  `masjid_nama` varchar(255) NOT NULL
) ENGINE=InnoDB DEFAULT CHARSET=latin1;

--
-- Dumping data for table `masjid`
--

INSERT INTO `masjid` (`masjid_id`, `masjid_nama`) VALUES
(1, 'MASJID UTHM'),
(2, 'TIADA DATA');

-- --------------------------------------------------------

--
-- Table structure for table `mukim`
--

CREATE TABLE `mukim` (
  `mukim_id` int(3) NOT NULL,
  `mukim_nama` varchar(255) NOT NULL
) ENGINE=InnoDB DEFAULT CHARSET=latin1;

--
-- Dumping data for table `mukim`
--

INSERT INTO `mukim` (`mukim_id`, `mukim_nama`) VALUES
(10, 'HAJI RAIS'),
(11, 'PARIT KARJO'),
(12, 'PARIT SAMIJAN'),
(13, 'PARIT JELUTONG'),
(14, 'TIADA DATA');

-- --------------------------------------------------------

--
-- Table structure for table `pengguna`
--

CREATE TABLE `pengguna` (
  `id_pengguna` int(11) NOT NULL,
  `nama_pengguna` varchar(15) NOT NULL,
  `kata_laluan_pengguna` varchar(30) NOT NULL,
  `alamat_pengguna` varchar(50) NOT NULL,
  `no_tel_pengguna` varchar(15) NOT NULL,
  `jenis_pengguna` varchar(15) NOT NULL
) ENGINE=InnoDB DEFAULT CHARSET=utf8;

--
-- Dumping data for table `pengguna`
--

INSERT INTO `pengguna` (`id_pengguna`, `nama_pengguna`, `kata_laluan_pengguna`, `alamat_pengguna`, `no_tel_pengguna`, `jenis_pengguna`) VALUES
(1, 'admin', 'rahsia', 'Parit Raja', '01162852518', 'pentadbir');

-- --------------------------------------------------------

--
-- Table structure for table `surau`
--

CREATE TABLE `surau` (
  `surau_id` int(11) NOT NULL,
  `surau_nama` varchar(255) NOT NULL
) ENGINE=InnoDB DEFAULT CHARSET=latin1;

--
-- Dumping data for table `surau`
--

INSERT INTO `surau` (`surau_id`, `surau_nama`) VALUES
(1, 'SURAU AL IKHLAS'),
(2, 'TIADA DATA');

-- --------------------------------------------------------

--
-- Table structure for table `tanggungan`
--

CREATE TABLE `tanggungan` (
  `no_kp` varchar(14) NOT NULL,
  `nama` varchar(100) NOT NULL,
  `tarikh_lahir` date NOT NULL,
  `tanggungan_umur` int(11) NOT NULL,
  `jantina` varchar(10) NOT NULL,
  `pekerjaan` varchar(50) NOT NULL,
  `pendapatan` float DEFAULT NULL,
  `pendidikan` varchar(50) NOT NULL,
  `pusat_pendidikan` varchar(100) DEFAULT NULL,
  `anak_yatim` varchar(255) NOT NULL,
  `asnaf` varchar(255) NOT NULL,
  `tanggungan_status` varchar(255) NOT NULL,
  `no_kp_ketua` varchar(14) NOT NULL
) ENGINE=InnoDB DEFAULT CHARSET=utf8;

--
-- Dumping data for table `tanggungan`
--

INSERT INTO `tanggungan` (`no_kp`, `nama`, `tarikh_lahir`, `tanggungan_umur`, `jantina`, `pekerjaan`, `pendapatan`, `pendidikan`, `pusat_pendidikan`, `anak_yatim`, `asnaf`, `tanggungan_status`, `no_kp_ketua`) VALUES
('0', 'MUHAMMAD AMINUDDIN ', '2000-08-03', 0, 'LELAKI', 'BELAJAR', 0, 'STPM', 'MATRIKULASI', '', '', '', '820126035019'),
('000105012244', 'NURUL FATHIYAH BINTI ZAINUDDIN', '2000-01-05', 0, 'PEREMPUAN', '0', 0, 'UPSR', 'DARUL QURAN, JAKIM', '', '', '', '691105016101'),
('000315011901', 'MUHAMMAD AIDIL', '2000-03-15', 0, 'LELAKI', 'PEKERJA SWM', 1000, 'SPM/MCE', 'SEKOLAH MENENGAH SRI GADING', '', '', '', '651208015383'),
('000416011951', 'MUHAMMAD RAFUDDIN BIN SAMAD', '2000-04-16', 0, 'LELAKI', 'PELAJAR', 0, 'DIPLOMA', 'KKTM', '', '', '', '680603015167'),
('000516011887', 'MOHAMAD HAIKAL BIN MOHD NOOR AMIN', '2000-05-16', 0, 'LELAKI', '0', 0, 'SPM/MCE', '0', '', '', '', '741017017027'),
('000527011831', 'MUHAMMAD ZULHELMI', '2000-05-27', 0, 'LELAKI', 'PELAJAR', 0, 'SPM/MCE', '0', '', '', '', '135361292'),
('000702011653', 'ZULHILMI B. MOHD SHARI', '2000-07-02', 0, 'LELAKI', 'TESCO', 900, 'SPM/MCE', 'SK SERI GADING', '', '', '', '680221016295'),
('000704012385', 'MUHAMAD NOOR HAFFIQ BIN KASWAN', '2000-07-04', 0, 'LELAKI', 'PELAJAR', 0, 'SPM/MCE', '0', '', '', '', '741017016948'),
('000705140514', 'NUR ATHIRAH AKMAL BINTI AHMAD WAKHIDAN', '2000-07-05', 0, 'PEREMPUAN', 'PELAJAR', 0, 'DIPLOMA', 'UNIVERSITI MALAYA KUALA LUMPUR', '', '', '', '660606016343'),
('000721011210', 'SITI NURAISHAH BINTI RAHMAT', '2000-07-21', 0, 'PEREMPUAN', 'OPERATOR PENGELUARAN FUJITSU', 999, 'SPM/MCE', 'SEKOLAH MENENGAH SERI GADING', '', '', '', '651001016709'),
('000830010663', 'MUHAMMAD NORFAIZAL BIN MOHD NAIR', '2000-08-30', 0, 'LELAKI', '0', 0, 'DIPLOMA', 'VOKASIONAL BATU PAHAT', '', '', '', '600905015733'),
('000922011276', 'NURALIAH NABILAH BINTI MOKHTAR', '2000-09-22', 0, 'PEREMPUAN', 'PROMOTER', 1000, 'SPM/MCE', '0', '', '', '', '730121115539'),
('000924-01-1333', 'FARUQ HANIF BIN MUSTAFFA', '2000-09-24', 0, 'LELAKI', '0', 0, 'SPM/MCE', 'UITM BUKIT MERTAJAM', '', '', '', '691107016295'),
('001020010914', 'NUR FARAHANAH AQILAH', '2000-10-20', 0, 'PEREMPUAN', 'PELAJAR', 0, 'SPM/MCE', 'KKTM SRI GADING', '', '', '', '820413016187'),
('001027011227', 'M. HANIFIMRAN B. HATTA', '2000-10-27', 0, 'LELAKI', 'PELAJAR', 0, 'DIPLOMA', 'UITM', '', '', '', '6811155103'),
('001103010506', 'NUR EYSHA AQILAH BINTI NOOR ISMAIL', '2000-11-03', 0, 'PEREMPUAN', 'PELAJAR', 0, 'DIPLOMA', 'KOLEJ VOKASIONAL DATUK SERI ABU ZAHAR ISNIN, JASIN', '', '', '', '720718015777'),
('001111011816', 'SITI NURAISHAH BINTI NORDIN', '2000-11-11', 0, 'PEREMPUAN', 'BELAJAR', 0, 'DIPLOMA', 'KOLEJ KOMUNITI TANGKAK', '', '', '', '650107016331'),
('001222010101', 'IMAN HANAFI BIN TUKIMAN', '2000-12-22', 0, 'LELAKI', 'PELAJAR', 0, 'SPM/MCE', '0', '', '', '', '630404015935'),
('001225010395', 'AKMAL', '2000-12-25', 0, 'LELAKI', 'PELAJAR', 0, 'DIPLOMA', 'KKTM', '', '', '', '670225015039'),
('001601161100', 'FATULLAH LUQMAN BIN ABDUL LATIF', '2000-10-06', 0, 'LELAKI', 'PEMBANTU STOR', 1100, 'SPM/MCE', 'SMK SRI GADING', '', '', '', '751215125677'),
('010101010101', 'M. AMIRUL IKHMAL', '2001-01-01', 0, 'LELAKI', 'KILANG', 800, 'UPSR', 'SEKOLAH KEBANGSAAN SRI AMAN', '', '', '', '671108015296'),
('010101010102', 'M. AMIRUL IZWAN', '2001-01-01', 0, 'LELAKI', 'PEMBANTU KEDAI MAKAN', 650, 'PT3/SRP/LCE', 'SEKOLAH MENENGAH SERI GADING', '', '', '', '671108015296'),
('010101011421', 'MUHD. FITRI BIN MOHD. SARON', '2001-01-02', 0, 'LELAKI', '0', 0, 'SPM/MCE', 'SEKOLAH MENENGAH KEBANGSAAN SENGGARANG', '', '', '', '620530016147'),
('010214011493', 'MUHAMAD ARSHAD', '2001-06-18', 0, 'LELAKI', 'PELAJAR', 0, 'SPM/MCE', 'SEKOLAH SAINS BATU PAHAT', '', '', '', '630416016273'),
('010220010040', 'NUR IFFAH LIYANA BINTI SARDON', '2001-02-20', 0, 'PEREMPUAN', '0', 0, 'SPM/MCE', '0', '', '', '', '730324016311'),
('010224050445', 'MUHAMAD IQBAL', '2010-02-24', 0, 'LELAKI', 'PELAJAR', 0, 'SPM/MCE', '0', '', '', '', '640903016325'),
('010422010620', 'NURUL FARWIZAH BINTI ZAINUDDIN', '2001-04-22', 0, 'PEREMPUAN', 'PELAJAR', 0, 'DIPLOMA', 'KOLEJ ISLAM SULTAN ALAM SHAH, KLANG', '', '', '', '691105016101'),
('010502010655', 'MUHAMMAD DANIEAL AL-HAFIZ BIN AHMAD SAH', '2001-05-02', 0, 'LELAKI', 'PELAJAR', 0, 'SPM/MCE', 'SEKOLAH MENENGAH KEBANGSAAN SRI GADING', '', '', '', '711001015943'),
('010616010055', 'SYABIL FARHAN BIN SAMSUDIN', '2001-06-16', 0, 'LELAKI', 'BELAJAR', 0, 'PT3/SRP/LCE', 'MAAHAD TAHFIZ', '', '', '', '740701015306'),
('010618010171', 'MUHAMAD AZIQ BIN MOHD NASIR', '2001-06-18', 0, 'LELAKI', 'PENDAWAIAN ELEKTRIK', 900, 'SPM/MCE', 'SMK SERI GADING', '', '', '', '750518017177'),
('010727010887', 'MUHAMMAD FAIZ HUSSAINI', '2001-07-27', 0, 'LELAKI', '0', 0, 'SPM/MCE', 'SMK SERI GADING', '', '', '', '690703095079'),
('010808010957', 'MUHAMMAD AFHAM BIN ASRUL AFENDI', '2001-08-08', 0, 'LELAKI', '0', 0, 'SPM/MCE', 'SMK SRI GADING', '', '', '', '770728016955'),
('010817010713', 'MUHAMAD FARHAN BIN MOHD HISHAM', '2001-08-17', 0, 'LELAKI', '0', 0, 'SPM/MCE', '0', '', '', '', '681210015523'),
('010821010927', 'MOHAMMAD ASYRAF', '2001-08-21', 0, 'LELAKI', '0', 0, 'PT3/SRP/LCE', 'SMK SERI GADING', '', '', '', '720730016051'),
('010904010164', 'NURUL ZULAIKHA', '2001-09-04', 0, 'PEREMPUAN', 'PELAJAR', 0, 'SPM/MCE', '0', '', '', '', '611216015897'),
('010907011373', 'MUHAMMAD IZZUDDIN BIN NASUKAH', '2001-09-07', 0, 'LELAKI', 'PELAJAR', 0, 'SPM/MCE', '0', '', '', '', '630407015893'),
('010921011919', 'MUHAMMAD SYAHMI BIN MD. SALLEH', '2001-09-21', 0, 'LELAKI', '0', 0, 'SPM/MCE', 'SEKOLAH MENENGAH KEBANGSAAN SRI GADING', '', '', '', '660227015535'),
('010927010087', 'AHMAD AKRAM', '2001-09-27', 0, 'LELAKI', 'PELAJAR', 0, 'SPM/MCE', 'SMK SERI GADING', '', '', '', '771204015817'),
('011016010531', 'MOHAMAD DANIAL BIN AZMAN', '2001-10-16', 0, 'LELAKI', 'PELAJAR', 0, 'DIPLOMA', 'KOLEJ VOKASIONAL BATU PAHAT', '', '', '', '810928015512'),
('011020010075', 'MOHAMAD HAKIM BIN MOHD NOOR AMIN', '2001-10-20', 0, 'LELAKI', '0', 0, 'SPM/MCE', 'SMK SRI GADING', '', '', '', '741017017027'),
('011112010515', 'MOHD. ZULKARNAIN BIN SALIM', '2001-11-12', 0, 'LELAKI', '0', 0, 'SPM/MCE', 'SMK SRI GADING', '', '', '', '630516016377'),
('011205010101', 'SITI ZULAIHA BT BANUAR', '2001-05-12', 0, 'PEREMPUAN', 'PELAJAR', 0, 'SPM/MCE', '0', '', '', '', '501004015601'),
('011205011269', 'M.HAKIM AKMAL BIN ZAFRI', '2001-12-05', 0, 'LELAKI', '0', 0, 'DIPLOMA', 'VOKASIONAL', '', '', '', '680301016041'),
('01245688', 'HUHUH', '1957-08-02', 62, 'LELAKI', 'JIJIJ', 12500, 'TIDAK BERSEKOLAH', 'UTHM', 'ANAK YATIM', 'ASNAF', '', '12457896987'),
('020205030093', 'NIK MUHAMMAD AMIN', '2002-02-05', 0, 'LELAKI', 'PELAJAR', 0, 'SPM/MCE', 'MRSM PARIT SULONG', '', '', '', '600909035627'),
('020208141135', 'ZULFADHLI B. MOHD  SHARI', '2002-02-08', 0, 'LELAKI', 'PELAJAR', 0, 'SPM/MCE', 'SMK SERI GADING', '', '', '', '680221016295'),
('020227010720', 'NURUL IZZAH BINTI MOHD. SHARIDAN', '2002-02-27', 0, 'PEREMPUAN', 'PELAJAR', 0, 'SPM/MCE', 'SEKOLAH MENENGAH KEBANGSAAN SRI GADING', '', '', '', '640327085997'),
('020308010570', 'NURUL ZULAIKHA ISHAK', '2002-03-08', 0, 'PEREMPUAN', '0', 0, 'SPM/MCE', 'SMK SERI GADING', '', '', '', '730122015353'),
('020414010937', 'MUHAMMAD FARIS BIN ABD SHUKOR', '2004-04-14', 0, 'LELAKI', 'BELAJAR', 0, 'SPM/MCE', 'SMK SRI GADING', '', '', '', '680331015939'),
('020509010278', 'AINNUN MARDIAH  BIN ABDUL LATIF', '2002-05-09', 0, 'LELAKI', 'PELAJAR', 0, 'SPM/MCE', 'SMK SRI GADING', '', '', '', '751215125677'),
('020525010577', 'MUHAMAD RASULI BIN SELAMAT', '2002-05-25', 0, 'LELAKI', 'PELAJAR', 0, 'SPM/MCE', '0', '', '', '', '630409015109'),
('020603130612', 'RAIHAH AKMAL BINTI AHMAD WAKHIDAN', '2002-06-03', 0, 'PEREMPUAN', 'PELAJAR', 0, 'SPM/MCE', 'SMK SRI GADING', '', '', '', '660606016343'),
('020606010229', 'SHAMEER IMRAN', '2002-06-06', 0, 'LELAKI', '0', 0, 'PT3/SRP/LCE', 'SMK SERI GADING', '', '', '', '760907015297'),
('020626050180', 'FARAHAIDA BINTI OMAR', '1902-06-26', 0, 'PEREMPUAN', '0', 0, 'SPM/MCE', 'SMK TUN AMINAH BATU PAHAT', '', '', '', '590705016217'),
('020920011086', 'NURNABILA AISYAH BINTI IBRAHIM', '2002-09-20', 0, 'PEREMPUAN', 'PELAJAR', 0, 'SPM/MCE', 'SDBL BATU PAHAT', '', '', '', '650827015740'),
('021114010438', 'AMIRA SOFEA BINTI MOHD NOOR AMIN', '2002-11-14', 0, 'PEREMPUAN', 'BELAJAR', 0, 'SPM/MCE', 'SMK SRI GADING', '', '', '', '741017017027'),
('021120140431', 'ZULFAHMIE B. MOHD SHARI', '2002-11-20', 0, 'LELAKI', 'PELAJAR', 0, 'SPM/MCE', 'SMK SERI GADING', '', '', '', '680221016295'),
('0302050011211', 'ADAM ISKANDAR', '2003-02-05', 0, 'LELAKI', 'PELAJAR', 0, 'PT3/SRP/LCE', '0', '', '', '', '630404015935'),
('030206010261', 'MOHD. HAFIZUDDIN BIN MD. ROZI', '2003-02-06', 0, 'LELAKI', '0', 0, 'PT3/SRP/LCE', 'SEGA', '', '', '', '750610016695'),
('030424010526', 'AINAA NAFISAH BINTI HUSNIZAM', '2003-04-24', 0, 'PEREMPUAN', '0', 0, 'PT3/SRP/LCE', 'SMK SRI GADING', '', '', '', '751002017293'),
('030424010534', 'ALIAH NATASAH BINTI HUSNIZAN', '2003-04-24', 0, 'PEREMPUAN', '0', 0, 'PT3/SRP/LCE', 'SMK SRI GADING', '', '', '', '751002017293'),
('030428011147', 'ARRASH DANIAL BIN AZMAN', '2003-04-28', 0, 'LELAKI', 'PELAJAR', 0, 'PT3/SRP/LCE', 'SEKOLAH MENENGAH KEBANGSAAN SRI GADING', '', '', '', '810928015512'),
('030509030411', 'NIK AHMAD AMIRUL AIMAN', '2003-05-09', 0, 'LELAKI', 'PELAJAR', 0, 'SPM/MCE', 'SEK MEN SAINS SEREMBAN', '', '', '', '600909035627'),
('030519011337', 'MUHAMMAD NURHAKIM BIN JURI', '2003-05-19', 0, 'LELAKI', 'BERSEKOLAH', 0, 'PT3/SRP/LCE', '0', '', '', '', '590731016173'),
('030520010171', 'MOHAMAD  NAZRI BIN MOHAMAD SALLEH', '2003-05-20', 0, 'LELAKI', 'BELAJAR', 0, 'SPM/MCE', 'SMK SRI GADING', '', '', '', '610603015745'),
('030618011180', 'NUR ALIA', '2003-06-18', 0, 'PEREMPUAN', ' PELAJAR', 0, 'PT3/SRP/LCE', 'SMK SERI GADING', '', '', '', '630416016273'),
('030720011128', 'FARAHARIANI', '2003-07-20', 0, 'PEREMPUAN', '0', 0, 'UPSR', '0', '', '', '', '720619016475'),
('030720011275', 'MUHD. FAKRURRADZI BIN MOHD. SARON', '2003-07-20', 0, 'LELAKI', '0', 0, 'PT3/SRP/LCE', 'SEKOLAH MENENGAH KEBANGSAAN SENGGARANG', '', '', '', '620530016147'),
('030810011455', 'MOHAMAD FAREEZ ISKANDAR', '2003-08-10', 0, 'LELAKI', 'PELAJAR', 0, 'PT3/SRP/LCE', 'SEKOLAH MENENGAH SRI GADING', '', '', '', '820413016187'),
('030816011245', 'SYAUKI FAUZAN BIN SAMSUDIN ', '2003-08-16', 0, 'LELAKI', 'BELAJAR', 0, 'SPM/MCE', 'SMK SRI GADING', '', '', '', '740701015306'),
('030826', 'MIMI SHAMIRA YUNOS', '2003-08-26', 0, 'PEREMPUAN', 'SEKOLAH', 0, 'PT3/SRP/LCE', 'TIGS BATU PAHAT', '', '', '', '640408016125'),
('030831010198', 'MUHAMMAD SYAZNAN BIN S.PENDI', '2003-08-31', 0, 'LELAKI', 'PELAJAR', 0, 'PT3/SRP/LCE', 'SMK SERI GADING', '', '', '', '651217015879'),
('030831010283', 'MUHAMMAD IRSYAD BIN MOHD HAROL', '2003-08-31', 0, 'LELAKI', 'PELAJAR', 0, 'SPM/MCE', 'SK MENENGAH SERI GADING', '', '', '', '750103015583'),
('030905011618', 'ANIS NABILAH BINTI ZAFRI', '2003-09-05', 0, 'PEREMPUAN', '0', 0, 'SPM/MCE', 'SMK SERI GADING', '', '', '', '680301016041'),
('030912010453', 'MUHAMMAD DANISH AL-IMAN BIN AHMAD SAH', '2003-09-12', 0, 'LELAKI', 'PELAJAR', 0, 'PT3/SRP/LCE', 'SEKOLAH MENENGAH KEBANGSAAN SRI GADING', '', '', '', '711001015943'),
('040109010162', 'NUR KAMILA BINTI KAMAL', '2004-01-09', 0, 'PEREMPUAN', 'PELAJAR', 0, 'PT3/SRP/LCE', 'SMKA PAGOH, MUAR', '', '', '', '750410015225'),
('040112011035', 'MUHAMMAD RAFFI AMRI BIN MUHAMMAD RAZALI', '2004-01-12', 0, 'LELAKI', 'PELAJAR', 0, 'PT3/SRP/LCE', '0', '', '', '', '730825015405'),
('040118011626', 'SITI NURATIQAH BINTI RAHMAT', '2004-01-18', 0, 'PEREMPUAN', 'PELAJAR', 0, 'UPSR', 'SEKOLAH MENENGAH SERI GADING', '', '', '', '651001016709'),
('040304011953', 'M. NURIMAN', '2004-03-04', 0, 'LELAKI', 'PEMBANTU KANTIN', 500, 'UPSR', 'TIADA', '', '', '', '671108015296'),
('040328010533', 'LUQMAN HAQIM BIN ABDUL LATIF', '2004-03-28', 0, 'LELAKI', '0', 0, 'PT3/SRP/LCE', 'SMK SRI GADING', '', '', '', '751215125677'),
('040330011180', 'NURUL SUHAILA', '2004-03-30', 0, 'PEREMPUAN', 'PELAJAR', 0, 'PT3/SRP/LCE', 'SMK SERI GADING', '', '', '', '720730016051'),
('040611040471', 'AHMAD THAQIF BIN NORDIN', '2004-06-11', 0, 'LELAKI', 'BERSEKOLAH', 0, 'PT3/SRP/LCE', 'SMK SRI GADING', '', '', '', '650107016331'),
('040727010899', 'MUHAMMAD QAMARULAZIM BIN SAMAD', '2004-07-27', 0, 'LELAKI', 'PELAJAR', 0, 'PT3/SRP/LCE', 'SMK SERI GADING', '', '', '', '680603015167'),
('040818010851', 'MUHAMAD AMIRUL AMAR', '2004-08-18', 0, 'LELAKI', '0', 0, 'UPSR', '0', '', '', '', '720619016475'),
('040918010031', 'MUHAMMAD SYAHMI BIN S.PENDI', '2004-09-18', 0, 'LELAKI', 'PELAJAR', 0, 'PT3/SRP/LCE', 'SMK SERI GADING', '', '', '', '651217015879'),
('041102011829', 'MUHAMMAD ADIB', '2004-11-02', 0, 'LELAKI', 'PELAJAR', 0, 'PT3/SRP/LCE', 'SK MENENGAH SERI GADING', '', '', '', '570914015343'),
('041130011471', 'SYAKIR FAISAL BIN SAMSUDIN ', '2004-11-30', 0, 'LELAKI', 'BELAJAR', 0, 'PT3/SRP/LCE', 'SMK SRI GADING', '', '', '', '740701015306'),
('041224890059', 'FAKHRUL MUAZ BIN MUSTAFFA', '2004-12-24', 0, 'LELAKI', '0', 0, 'PT3/SRP/LCE', 'PUSAT TAHFIZ AL-AZIM', '', '', '', '691107016295'),
('050116010282', 'NUR NEESA SOFEA', '2005-01-16', 0, 'PEREMPUAN', 'PELAJAR', 0, 'PT3/SRP/LCE', '0', '', '', '', '780127015219'),
('050129010513', 'MUHD AFIQZAM FARHAN', '2005-01-29', 0, 'LELAKI', 'PELAJAR', 0, 'PT3/SRP/LCE', '0', '', '', '', '720415015235'),
('050216010300', 'NURAIN BINTI IRWAN', '2005-02-16', 0, 'PEREMPUAN', '0', 0, 'UPSR', '0', '', '', '', '700315016649'),
('050222010446', 'INTAN SAFIYYAH', '2005-02-22', 0, 'PEREMPUAN', '0', 0, 'PT3/SRP/LCE', 'SMK SERI GADING', '', '', '', '760907015297'),
('050412010420', 'NUR SYAHIRAH AQILAH BINTI KAMARUDIN', '2005-04-12', 0, 'LELAKI', 'PELAJAR', 0, 'UPSR', 'SEKOLAH MENENGAH TUN AMINAH', '', '', '', '750404055351'),
('050419010685', 'MUHD ADIB FAHMIE BIN M NAZERI', '2005-04-19', 0, 'LELAKI', 'PELAJAR', 0, 'PT3/SRP/LCE', 'SMK SERI GADING', '', '', '', '770403016279'),
('050509010523', 'MUHAMMAD AMMAR', '2005-05-05', 0, 'LELAKI', 'PELAJAR', 0, 'SPM/MCE', 'SABK JAWAHIRULUM, SENGGARANG', '', '', '', '780211017161'),
('050601010294', 'AIDA ADRIANA BINTI MASRI', '2005-05-01', 0, 'PEREMPUAN', 'PELAJAR', 0, 'PT3/SRP/LCE', 'SMK SERI GADING', '', '', '', '680706015821'),
('050617010467', 'MUHAMAD AFIQ BIN MOHD NASIR', '2005-06-17', 0, 'LELAKI', 'PELAJAR', 0, 'SPM/MCE', 'SMK SERI GADING', '', '', '', '750518017177'),
('05091301', 'HAZIQ ISYRAF BIN MOHD AIZAL', '2005-09-13', 0, 'LELAKI', 'PELAJAR', 0, 'UPSR', 'SEGA', '', '', '', '770611016281'),
('050916010475', 'MUHAMAD FAHMI BIN MUSTAFA', '2005-09-16', 0, 'LELAKI', '0', 0, 'PT3/SRP/LCE', '0', '', '', '', '620613015369'),
('050916010803', 'MUHAMMAD KHAIRUL NABIL', '2005-09-16', 0, 'LELAKI', 'PELAJAR', 0, 'SPM/MCE', 'SMK SERI GADING', '', '', '', '781022015137'),
('051012011269', 'ADAM NAZIRUL BIN MUHAMAD SALLEH', '2005-10-12', 0, 'LELAKI', 'PELAJAR', 0, 'PT3/SRP/LCE', 'SK MENENGAH SERI GADING', '', '', '', '751007016505'),
('051018010961', 'MUHAMMAD FAIZAL', '2005-10-18', 0, 'LELAKI', 'PELAJAR', 0, 'UPSR', 'SEKOLAH MENENGAH SRI GADING', '', '', '', '651208015383'),
('05101901763', 'MUHAMMAD DINIE AL-HAJ BIN AHMAD SAH', '2005-10-19', 0, 'LELAKI', 'PELAJAR', 0, 'UPSR', 'SMK SRI GADING', '', '', '', '711001015943'),
('051123010285', 'MUHAMMAD ZULPIKAR BIN S.PENDI', '2005-11-23', 0, 'LELAKI', 'PELAJAR', 0, 'PT3/SRP/LCE', 'SMK SERI GADING', '', '', '', '651217015879'),
('051208010276', 'AMEERAH ADLINA BINTI SARDON', '2005-12-08', 0, 'PEREMPUAN', 'BELAJAR', 0, 'PT3/SRP/LCE', 'SMK SRI GADING', '', '', '', '730324016311'),
('051223010266', 'NURADILA NATASHA BINTI IBRAHIM', '2005-12-23', 0, 'PEREMPUAN', 'PELAJAR', 0, 'PT3/SRP/LCE', 'SDBL BATU PAHAT', '', '', '', '650827015740'),
('060224140673', 'MUHAMMAD IKMAL', '2006-02-24', 0, 'LELAKI', 'PELAJAR', 0, 'SPM/MCE', 'MADRASAH TAHFIZ', '', '', '', '640903016325'),
('060227011308', 'NORFAZLIN AZERA BINTI MOHD. SARON', '2006-02-27', 0, 'PEREMPUAN', '0', 0, 'UPSR', 'SEKOLAH MENENGAH KEBANGSAAN SRI GADING', '', '', '', '620530016147'),
('060428010854', 'NUR NEESA ZULIKA', '2006-01-28', 0, 'PEREMPUAN', 'PELAJAR', 0, 'PT3/SRP/LCE', '0', '', '', '', '780127015219'),
('060514010711', 'MUHAMMAD AZMI', '2006-05-14', 0, 'LELAKI', 'PELAJAR', 0, 'PT3/SRP/LCE', 'SMK SERI GADING', '', '', '', '630416016273'),
('060605060642', 'NAIZATUL AKMAR HUZAINI', '2006-06-05', 0, 'PEREMPUAN', 'PELAJAR', 0, 'SPM/MCE', 'MADRASAH MUKARAMAH', '', '', '', '630111035841'),
('060624011141', 'MUHAMAD DANIEAL', '2006-06-24', 0, 'LELAKI', 'PELAJAR', 0, 'PT3/SRP/LCE', '0', '', '', '', '541218015689'),
('060723010822', 'NUR IDAHUSNA BT M. HATTA', '2000-07-23', 0, 'PEREMPUAN', 'PELAJAR', 0, 'PT3/SRP/LCE', 'SMK ROMPIN', '', '', '', '6811155103'),
('060816010899', 'MUHAMMAD ZAHIN BIN ASRUL AFENDI', '2006-08-16', 0, 'LELAKI', '0', 0, 'UPSR', 'SMK SRI GADING', '', '', '', '770728016955'),
('060826011617', 'MUHAMMAD AQEEL', '2006-08-26', 0, 'LELAKI', '0', 0, 'PT3/SRP/LCE', 'SMK SERI GADING', '', '', '', '760907015297'),
('060828012277', 'MOHD SHAH BINTI RAHMAT', '2006-08-28', 0, 'LELAKI', 'PELAJAR', 0, 'UPSR', 'SEKOLAH MENENGAH SERI GADING', '', '', '', '651001016709'),
('0609', 'NUR EYSHA HAZIQAH BINTI NOOR ISMAIL', '2006-09-01', 0, 'PEREMPUAN', 'PELAJAR', 0, 'UPSR', 'SEKOLAH MENENGAH SERI GADING', '', '', '', '720718015777'),
('060908010538', 'NUR ADRYNA CAMELLEA', '2006-09-08', 0, 'PEREMPUAN', '0', 0, 'UPSR', 'SMK SRI GADING', '', '', '', '780812015188'),
('060922010497', 'MUHAMMAD IRFAN ISHAK', '2016-09-22', 0, 'LELAKI', '0', 0, 'PT3/SRP/LCE', 'SMK SERI GADING', '', '', '', '730122015353'),
('061006010218', 'NUR BALQIS YAZMIN BINTI YAZMI', '2006-10-06', 0, 'PEREMPUAN', 'PELAJAR', 0, 'UPSR', 'SEKOLAH MENENGAH SERI GADING', '', '', '', '850114016125'),
('061010012187', 'MUHAMMAD KHALIL MUAZZAM', '2006-10-10', 0, 'LELAKI', 'PELAJAR', 0, 'UPSR', '0', '', '', '', '630409015109'),
('061025010563', 'M. ZADIL FITRI', '2006-10-25', 0, 'LELAKI', 'PELAJAR', 0, 'UPSR', 'TAHFIZ RAUDDATUL FIRDAUS', '', '', '', '671108015296'),
('061125010085', 'SYED MOHAMAD AIMAN', '2006-11-25', 0, 'LELAKI', '0', 0, 'PT3/SRP/LCE', 'SMK SERI GADING', '', '', '', '691111015957'),
('061216020668', 'NUR AYUNI BALQIS MOHD SHARI', '2006-02-16', 0, 'PEREMPUAN', 'PELAJAR', 0, 'PT3/SRP/LCE', 'SMK SERI GADING', '', '', '', '680221016295'),
('061217010592', 'HANI SYUHADA BINTI MOHD AIZAL', '2006-12-17', 0, 'PEREMPUAN', 'PELAJAR', 0, 'UPSR', 'SMAPR', '', '', '', '770611016281'),
('070201010891', 'MUHAMMAD SYAHRIN FAKHRULLAH BIN SAMSUDIN', '2007-02-01', 0, 'LELAKI', 'BELAJAR', 0, 'UPSR', 'SK PINTAS RAYA', '', '', '', '740701015306'),
('070204010088', 'NUR RAIHANA BINTI KAMAL', '2007-02-04', 0, 'PEREMPUAN', 'PELAJAR', 0, 'UPSR', 'SK PINTAS RAYA', '', '', '', '750410015225'),
('070210011036', 'NURSYARAFANA BINTI MD. SALLEH', '2007-02-10', 0, 'PEREMPUAN', '0', 0, 'UPSR', 'SEKOLAH KEBANGSAAN PINTAS RAYA', '', '', '', '660227015535'),
('070222010786', 'NURAQILAH BINTI ABD SHUKOR', '2007-02-22', 0, 'PEREMPUAN', 'BELAJAR', 0, 'UPSR', 'SK PINTAS RAYA', '', '', '', '680331015939'),
('070314011559', 'M.HAZIM AKMAL BIN ZAFRI', '2007-03-14', 0, 'LELAKI', '0', 0, 'UPSR', 'SK PINTAS JAYA', '', '', '', '680301016041'),
('070315010988', 'NURARTIQAH NABILA', '2007-03-15', 0, 'PEREMPUAN', 'PELAJAR', 0, 'UPSR', 'SK PINTAS RAYA', '', '', '', '781022015137'),
('070324', 'MOHD IZZYDIN', '2007-03-24', 0, 'LELAKI', 'PELAJAR', 0, 'SPM/MCE', 'MAKTAB JOHOR JB', '', '', '', '611121015237'),
('070330010708', 'SITI NURAMEZA BINTI MUHAMMAD', '2007-03-30', 0, 'PEREMPUAN', 'PELAJAR', 0, 'UPSR', '0', '', '', '', '730825015405'),
('070402010222', 'PUTERI NAJWA SYAHZWANI', '2007-04-02', 0, 'PEREMPUAN', 'BELAJAR', 0, 'UPSR', 'SK PINTAS RAYA', '', '', '', '751226016441'),
('070501010201', 'ARIF DANISH BIN MASRI', '2007-05-01', 0, 'LELAKI', 'PELAJAR', 0, 'UPSR', 'SK SERI PANDAN', '', '', '', '680706015821'),
('070508010204', 'UMIE UMAIRAH BINTI MOHD YUSOF', '2007-05-08', 0, 'PEREMPUAN', '0', 0, 'UPSR', 'SK PINTAS RAYA', '', '', '', '960806015497'),
('070521010655', 'MOHD SYAFIQ BIN MOHD NAZIR', '2007-05-21', 0, 'LELAKI', 'PELAJAR', 0, 'UPSR', 'SK PINTAS RAYA', '', '', '', '780920015513'),
('070527010381', 'MOHD. HAZIQ BIN MD. ROZI', '2007-05-27', 0, 'LELAKI', '0', 0, 'UPSR', 'SKPR', '', '', '', '750610016695'),
('070711010277', 'MUHAMMAD ADAM DANIAL BIN ABDUL LATIF', '2007-07-11', 0, 'LELAKI', '0', 0, 'UPSR', 'SEKOLAH KEBANGSAAN PINTAS RAYA', '', '', '', '751215125677'),
('070813010382', 'NUR HANANI BINTI HAZALI', '2007-08-13', 0, 'PEREMPUAN', 'PELAJAR', 0, 'UPSR', 'SEKOLAH KEBANGSAAN PINTAS JAYA', '', '', '', '820615016425'),
('070907010121', 'MUHD AIMAN FARHIN', '2007-09-07', 0, 'LELAKI', 'PELAJAR', 0, 'UPSR', '0', '', '', '', '720415015235'),
('070921010791', 'MUHAMMAD NAUFAL BIN IRWAN', '2007-09-21', 0, 'LELAKI', '0', 0, 'UPSR', '0', '', '', '', '700315016649'),
('071013010303', 'MUHAMMAD DARWISY FITRI BIN MOHD FARID', '2007-10-13', 0, 'LELAKI', '0', 0, 'UPSR', '0', '', '', '', '760717015157'),
('071114011823', 'MUHAMAD FAIZUAN BIN MOHD HISHAM', '2007-11-14', 0, 'LELAKI', 'BELAJAR', 0, 'UPSR', 'SK PINTAS RAYA', '', '', '', '681210015523'),
('071123010275', 'MUHAMMAD IRHAM NAJMI', '2007-11-23', 0, 'LELAKI', 'PELAJAR', 0, 'UPSR', 'SK SERI PANDAN', '', '', '', '750103015583'),
('080325010518', 'NUR AIN QISTINA BINTI M NAZERI', '2008-03-25', 0, 'PEREMPUAN', 'PELAJAR', 0, 'UPSR', 'SK SERI PANDAN', '', '', '', '770403016279'),
('080516011046', 'AINA YASMIN', '2008-05-16', 0, 'PEREMPUAN', 'PELAJAR', 0, 'UPSR', '0', '', '', '', '821212016345'),
('080516011054', 'BALQIS AZ ZAHRAA\' BINTI AHMAD SAH', '2008-05-16', 0, 'PEREMPUAN', 'PELAJAR', 0, 'UPSR', 'SEKOLAH KEBANGSAAN PINTAS RAYA', '', '', '', '711001015943'),
('080603011308', 'MAIZATUL NAJWA BIN MOHD. SARON', '2008-06-03', 0, 'PEREMPUAN', '0', 0, 'UPSR', 'SEKOLAH KEBANGSAAN SERI PANDAN', '', '', '', '620530016147'),
('080801101198', 'NAIZATUL AKMAR HANIS', '2008-08-08', 0, 'PEREMPUAN', 'PELAJAR', 0, 'SPM/MCE', 'MADRASAH MUKARAMAH', '', '', '', '630111035841'),
('080808013078', 'AISYAH MARDIAH', '2008-08-08', 0, 'PEREMPUAN', 'PELAJAR', 0, 'UPSR', '0', '', '', '', '541218015689'),
('080820011999', 'FAHEEEM WAFI BIN MUSTAFFA', '2008-08-20', 0, 'LELAKI', '0', 0, 'UPSR', 'PUSAT TAHFIZ AL-AZIM', '', '', '', '691107016295'),
('080822010439', 'MUHAMMAD NUR ARIEF BIN AZRI', '2008-08-22', 0, 'LELAKI', 'PELAJAR', 0, 'UPSR', 'SEK. KEB. PINTAS PUDING', '', '', '', '760222016465'),
('080908011598', 'NURFARAH NASUHA BINTI HAIRI', '2008-09-08', 0, 'PEREMPUAN', 'PELAJAR', 0, 'UPSR', 'SEKOLAH KEBANGSAAN PARIT RAJA', '', '', '', '790814017071'),
('081012010562', 'AFRINASSOFA BINTI ALJOHARI', '2008-10-12', 0, 'PEREMPUAN', 'BELAJAR', 0, 'UPSR', 'SK PINTAS RAYA', '', '', '', '791008085779'),
('081209011286', 'NURUL AIN NISSHA BINTI KASWAN', '2008-12-09', 0, 'PEREMPUAN', '0', 0, 'UPSR', '0', '', '', '', '741017016948'),
('090127010604', 'NUR HANANI BINTI MUHAMAD ROSLI', '2009-01-27', 0, 'PEREMPUAN', 'PELAJAR', 0, 'UPSR', 'TIADA', '', '', '', '800929016139'),
('090308010400', 'NUR HAZREEN SYAZIRAH BINTI MOHD HASRUZAMAN', '2009-03-08', 0, 'LELAKI', '0', 0, 'UPSR', 'SEKOLAH KEBANGSAAN PINTAS RAYA', '', '', '', '830331015729'),
('090314011848', 'NOOR AISAH SOFEA', '2009-03-14', 0, 'PEREMPUAN', 'PELAJAR', 0, 'UPSR', 'SEKOLAH KEBANGSAAN PINTAS JAYA', '', '', '', '671108015296'),
('090602010946', 'PUTERI ANIS HUMAIRA BINTI SAMAD', '2009-06-02', 0, 'PEREMPUAN', 'PELAJAR', 0, 'UPSR', 'SK PINTAS RAYA', '', '', '', '680603015167'),
('090609010711', 'MUHAMMAD MIKAIL', '2009-06-09', 0, 'LELAKI', '0', 0, 'UPSR', 'SEKOLAH KEBANGSAAN PINTAS RAYA', '', '', '', '780812015188'),
('090616010576', 'QISTINA DAMIA BINTI AZMAN', '2009-06-16', 0, 'PEREMPUAN', 'PELAJAR', 0, 'UPSR', 'SRK SRI PANDAN', '', '', '', '810928015512'),
('090622010855', 'MUHAMMAD ADIB FAHMI BIN YAZMI', '2009-06-22', 0, 'LELAKI', 'PELAJAR', 0, 'UPSR', 'SEKOLAH KEBANGSAAN PINTAS JAYA', '', '', '', '850114016125'),
('090630010089', 'MUHAMMAD IRSYAD AMIN BIN MOHAMAD FARID', '2009-06-30', 0, 'LELAKI', '0', 0, 'UPSR', '0', '', '', '', '760717015157'),
('090728011215', 'DANIAL HAKIMI BIN ZIBIDIN', '2009-07-28', 0, 'LELAKI', 'PELAJAR', 0, 'UPSR', '0', '', '', '', '570307045591'),
('090804011728', 'NATASHA NAJWA BINTI SALIM', '2009-08-04', 0, 'PEREMPUAN', '0', 0, 'UPSR', 'SEKOLAH KEBANGSAAN PINTAS RAYA', '', '', '', '630516016377'),
('090923010082', 'NUR HUSNA SHAMIMI BT ABDULLAH', '2009-09-23', 0, 'PEREMPUAN', 'PELAJAR', 0, 'UPSR', 'SK PINTAS RAYA', '', '', '', '801104016657'),
('091003011934', 'NUR ALZYA QAUSZVA BTE HARNIZAN', '2009-10-03', 0, 'PEREMPUAN', 'PELAJAR', 0, 'UPSR', 'SK SERI PANDAN', '', '', '', '830406015345'),
('091008011537', 'SYED MUHAMMAD ASHRAF', '2009-10-08', 0, 'LELAKI', '0', 0, 'UPSR', 'SK PINTAS RAYA', '', '', '', '691111015957'),
('091113010827', 'ATIF', '2009-11-13', 0, 'LELAKI', 'PELAJAR', 0, 'UPSR', 'MADRAH TAHFIZ AL QURAN JAWAHIR AL ULUM', '', '', '', '670225015039'),
('091124010830', 'NUR DANIA BINTI IRWAN', '2009-11-24', 0, 'PEREMPUAN', '0', 0, 'UPSR', '0', '', '', '', '700315016649'),
('100107010726', 'NUR SYUHADAH BINTI S.PENDI', '2010-01-07', 0, 'PEREMPUAN', 'PELAJAR', 0, 'UPSR', 'SK PINTAS RAYA', '', '', '', '651217015879'),
('100121', 'HANI SURAYA', '2010-01-21', 0, 'PEREMPUAN', '0', 0, 'UPSR', 'SK PINTAS RAYA', '', '', '', '760907015297'),
('100123010398', 'NUR HAMIZA BINTI MUHAMAD ROSLI', '2010-01-23', 0, 'PEREMPUAN', 'PELAJAR', 0, 'UPSR', 'TIADA', '', '', '', '800929016139'),
('100210050275', 'MUHAMMAD ARIF DINIE BIN KAMARUDIN', '2010-02-10', 0, 'LELAKI', '0', 0, 'UPSR', '0', '', '', '', '690211016135'),
('100210050283', 'MUHAMMAD ARIF  DANIAL BIN KAMARUDIN', '2010-02-10', 0, 'LELAKI', '0', 0, 'UPSR', '0', '', '', '', '690211016135'),
('100218011684', 'NUR FARISHA AMANDA', '2010-02-18', 0, 'PEREMPUAN', 'PELAJAR', 0, 'UPSR', 'SEKOLAH KEBANGSAAN SERI PANDAN', '', '', '', '820413016187'),
('100324010108', 'NUR SYUHADA ELYANA', '2010-03-24', 0, 'PEREMPUAN', 'PELAJAR', 0, 'UPSR', 'SK SERI PANDAN', '', '', '', '790718015121'),
('1004190011680', 'RANIA UL HUSNA BINTI AHMAD SAH', '2010-04-19', 0, 'PEREMPUAN', 'PELAJAR', 0, 'UPSR', 'SEKOLAH KEBANGSAAN PINTAS RAYA', '', '', '', '711001015943'),
('100524010321', 'MUHD AQMA REZA', '2010-05-24', 0, 'LELAKI', 'PELAJAR', 0, 'UPSR', '0', '', '', '', '720415015235'),
('100705010128', 'NUR HALEESYA BINTI HAZALI', '2010-07-05', 0, 'PEREMPUAN', 'PELAJAR', 0, 'UPSR', 'SEKOLAH KEBANGSAAN PINTAS JAYA', '', '', '', '820615016425'),
('100705080652', 'ARISSASOFA BINTI ALJOHARI', '2010-07-05', 0, 'PEREMPUAN', 'BELAJAR', 0, 'UPSR', 'SK PINTAS RAYA', '', '', '', '791008085779'),
('100806010012', 'HUSNA HAZWAN  BINTI MD. ROZI', '2010-08-06', 0, 'PEREMPUAN', '0', 0, 'UPSR', 'SKPR', '', '', '', '750610016695'),
('100902011033', 'HAZIQ FARIS BIN MOHD AIZAL', '2010-02-09', 0, 'LELAKI', 'PELAJAR', 0, 'UPSR', 'SKSP', '', '', '', '770611016281'),
('101117010791', 'MUHD AFIF IZZRIZQ BIN M NAZERI', '2010-11-17', 0, 'LELAKI', 'PELAJAR', 0, 'UPSR', 'SK SERI PANDAN', '', '', '', '770403016279'),
('101228011383', 'MUHAMMAD NAJIB BIN JURI', '2010-12-28', 0, 'LELAKI', 'BERSEKOLAH', 0, 'UPSR', '0', '', '', '', '590731016173'),
('110109010101', 'ADREENA SYAZRA AMADIYA', '2011-01-09', 0, 'PEREMPUAN', 'PELAJAR', 0, 'UPSR', 'SEKOLAH KEBANGSAAN PINTAS JAYA', '', '', '', '860327236665'),
('110423010689', 'NURISYA EMELDA BTE MOHD TAHA', '2011-02-23', 0, 'PEREMPUAN', 'PELAJAR', 0, 'UPSR', 'SK SERI PANDAN', '', '', '', '850120035429'),
('110526010826', 'SITI NUR FARHANAN', '2011-05-26', 0, 'PEREMPUAN', 'PELAJAR', 0, 'UPSR', 'SK PINTAS RAYA', '', '', '', '7310160165135'),
('110607010289', 'MOHD ERFAAN', '2011-06-07', 0, 'LELAKI', 'PELAJAR', 0, 'UPSR', 'SK PINTAS RAYA', '', '', '', '720730016051'),
('110621011333', 'AHMAD DANI IMAN', '2011-06-21', 0, 'LELAKI', 'PELAJAR', 0, 'PT3/SRP/LCE', '0', '', '', '', '821212016345'),
('110704011494', 'NOOR FARISYA DANIA', '2011-07-04', 0, 'PEREMPUAN', 'PELAJAR', 0, 'UPSR', 'SEKOLAH KEBANGSAAN PINTAS JAYA', '', '', '', '671108015296'),
('110729010789', 'MOHAMAD HAZIQ SYAFWAN BIN MOHD HASRUZAMAN', '2011-07-29', 0, 'LELAKI', '0', 0, 'UPSR', 'SEKOLAH KEBANGSAAN PINTAS RAYA', '', '', '', '830331015729'),
('110811010841', 'M.ARYAN ASYRAF', '2011-08-11', 0, 'LELAKI', '0', 0, 'UPSR', 'SK SERI PANDAN', '', '', '', '680301016041'),
('110823010603', 'ILYA ARSYAD', '2011-08-23', 0, 'LELAKI', 'PELAJAR', 0, 'UPSR', 'SEK RENDAH', '', '', '', '790718015121'),
('110903010576', 'NUR SYIFA DANISHA BINTI AZMAN', '2011-09-03', 0, 'PEREMPUAN', 'PELAJAR', 0, 'UPSR', 'SRK SRI PANDAN', '', '', '', '810928015512'),
('110920010461', 'MUHAMMAD AFDAL ', '2011-09-20', 0, 'LELAKI', '0', 0, 'UPSR', 'SEKOLAH KEBANGSAAN PINTAS RAYA', '', '', '', '780812015188'),
('111008010900', 'NURIN SAFIYA BINTI IRWAN', '2011-10-08', 0, 'PEREMPUAN', '0', 0, 'UPSR', '0', '', '', '', '700315016649'),
('111214010370', 'FAZIATUN NISA BINTI MUSTAFFA', '2011-12-14', 0, 'PEREMPUAN', '0', 0, 'UPSR', 'MADRASAH JAWAHIR AL-ULUM', '', '', '', '691107016295'),
('111227011380', 'NURFARAH NAJIHA BINTI HAIRI', '2011-12-27', 0, 'PEREMPUAN', 'PELAJAR', 0, 'UPSR', 'SEKOLAH KEBANGSAAN PARIT RAJA', '', '', '', '790814017071'),
('111227011487', 'MUHAMMAD IMAN HAKIM BIN MUHAMAD ROSLI', '2011-12-27', 0, 'LELAKI', 'PELAJAR', 0, 'UPSR', 'TIADA', '', '', '', '800929016139'),
('111228011112', 'NURAISHAH HUMAIRA BINTI MOHD. SARON', '2011-12-28', 0, 'PEREMPUAN', '0', 0, 'UPSR', 'SEKOLAH KEBANGSAAN SERI PANDAN', '', '', '', '620530016147'),
('111229010648', 'DHIA NADIERA BINTI SALIM', '2011-12-29', 0, 'PEREMPUAN', '0', 0, 'UPSR', 'SE', '', '', '', '630516016377'),
('111230010346', 'NUR SURAYYA BINTI KAMAL', '2011-12-30', 0, 'PEREMPUAN', 'PELAJAR', 0, 'UPSR', 'SK PINTAS RAYA', '', '', '', '750410015225'),
('120208020411', 'MUHAMMAD HAFIY', '2012-02-08', 0, 'LELAKI', 'PELAJAR', 0, 'UPSR', 'SK BINDU', '', '', '', '860109565145'),
('120301010509', 'MUHAMMAD DANISH ASYRAF', '2012-03-01', 0, 'LELAKI', 'PELAJAR', 0, 'UPSR', '0', '', '', '', '820709015765'),
('120416010277', 'MUHAMMAD AKMAL LUTFI', '2016-04-16', 0, 'LELAKI', 'PELAJAR', 0, 'UPSR', 'SK SERI PANDAN', '', '', '', '750103015583'),
('120520010680', 'NURIMANINA RUSYDAH', '0000-00-00', 0, 'PEREMPUAN', 'PELAJAR', 0, 'UPSR', 'SK PINTAS RAYA', '', '', '', '851105016101'),
('120527010296', 'AINUR AWADAH BINTI ABDUR RAHMAN', '2012-05-27', 0, 'PEREMPUAN', 'BELAJAR', 0, 'UPSR', 'SEKOLAH RENDAH/MENENGAH ISLAM AT TAHFIZ', '', '', '', '830507105673'),
('120612', 'AISYAH HUMAIRA', '2012-06-12', 0, 'PEREMPUAN', 'PELAJAR', 0, 'PT3/SRP/LCE', 'MAAHAD TAHFIZ AL JAWAHIR, SENGGARANG, BATU PAHAT', '', '', '', '611121015237'),
('120627010090', 'SHAEZRIN NURAISYA BINTI MOHD EZRINOR', '2012-06-27', 0, 'PEREMPUAN', 'PELAJAR', 0, 'UPSR', 'SK PINTAS RAYA', '', '', '', '791220015911'),
('120822010571', 'MUHAMMAD ALIF ISKANDAR BIN NOOR NASRIQ', '2012-08-22', 0, 'LELAKI', 'PELAJAR', 0, 'UPSR', 'SEKOLAH KEBANGSAAN PINTAS JAYA', '', '', '', '850114016125'),
('121112010101', 'ADREEQIHA HAWANIE', '2012-11-12', 0, 'PEREMPUAN', 'PELAJAR', 0, 'UPSR', 'SEKOLAH KEBANGSAAN PINTAS JAYA', '', '', '', '860327236665'),
('1234123412', 'ANAK A', '2019-10-08', 0, 'LELAKI', '0', 0, 'TIDAK BERSEKOLAH', '0', 'BUKAN ANAK YATIM', 'BUKAN ASNAF', '', '21312312'),
('130109010428', 'SITI KHADIJAH', '2013-01-09', 0, 'PEREMPUAN', 'PELAJAR', 0, 'UPSR', '0', '', '', '', '541218015689'),
('130304010992', 'HANI SYAHIRA BINTI MOHD AIZAL', '2013-03-04', 0, 'PEREMPUAN', 'PELAJAR', 0, 'UPSR', 'KEMAS', '', '', '', '770611016281'),
('130309040293', 'AMIRUL ASHRAF BIN MOHD ARIF FAIZAL', '2013-03-09', 0, 'LELAKI', 'PELAJAR', 0, 'UPSR', 'PASTI', '', '', '', '850531115757'),
('130312', 'AHMED AL AMIN', '2013-03-12', 0, 'LELAKI', 'PELAJAR', 0, 'UPSR', 'TADIKA AL AWLAD SENGGARANG', '', '', '', '611121015237'),
('130402011235', 'MUHAMMAD TUAH AR RAYYAN BIN AHMAD SAH', '2013-04-02', 0, 'LELAKI', 'PELAJAR', 0, 'UPSR', 'TABIKA KEMAS PARIT KARJO', '', '', '', '711001015943'),
('130408011017', 'MUHAMMAD NAJMI HAZIQ', '2013-04-08', 0, 'LELAKI', 'PELAJAR', 0, 'UPSR', 'SEKOLAH PRA SRI PANDAN', '', '', '', '781022015137'),
('130527080955', 'AHMAD SOLIHIN BIN ALJOHARI', '2013-05-27', 0, 'LELAKI', 'BELAJAR', 0, 'UPSR', 'SK PINTAS RAYA', '', '', '', '791008085779'),
('130611010458', 'FITRATUN  NISA BINTI MUSTAFFA', '2013-06-11', 0, 'PEREMPUAN', '0', 0, 'UPSR', 'TADIKA KEMAS SRI CERIA', '', '', '', '691107016295'),
('130625010854', 'PUTERI MARISSA BATRISYIA', '2013-06-25', 0, 'PEREMPUAN', 'BELAJAR', 0, 'UPSR', 'SK PINTAS RAYA', '', '', '', '751226016441'),
('130630030809', 'MUHAMMAD ADAM HARRIS B AHMAD HAKIMI', '2013-06-30', 0, 'LELAKI', '0', 0, 'UPSR', 'TADIKA KHALIFAH UTHM', '', '', '', '841011035935'),
('130706010549', 'MUHAMMAD RIZKY AMSYAR BIN KAMARUDIN', '2013-07-06', 0, 'LELAKI', 'PELAJAR', 0, 'UPSR', 'TADIKA IMPIAN EMAS', '', '', '', '750404055351'),
('130725011045', 'MUHAMMAD NUR AFIEF BIN AZRI', '2013-07-25', 0, 'LELAKI', 'PELAJAR', 0, 'UPSR', 'TADIKA ILTIZAM', '', '', '', '760222016465'),
('130816010224', 'SHAEZRIN NUR NAFISA BINTI MOHD EZRINOR', '2013-08-16', 0, 'PEREMPUAN', 'PELAJAR PRA SEKOLAH', 0, 'UPSR', 'SK PINTAS RAYA', '', '', '', '791220015911'),
('130816010240', 'SHAEZRIN NUR ARISSA BINTI MOHD EZRINOOR', '2013-08-16', 0, 'PEREMPUAN', 'PELAJAR PRA SEKOLAH', 0, 'UPSR', 'SK PINTAS RAYA', '', '', '', '791220015911'),
('130918010946', 'NUR DINI RAUDHAH', '2013-09-18', 0, 'PEREMPUAN', 'PELAJAR', 0, 'UPSR', 'KEMAS SRI CERIA PT KARJO', '', '', '', '851105016101'),
('131113011305', 'DARIS HAMIZAN BIN ZIBIDIN', '2013-11-13', 0, 'LELAKI', 'PELAJAR', 0, 'UPSR', '0', '', '', '', '570307045591'),
('140204010302', 'AIN SYUHADA BINTI ASRUL AFENDI', '2014-02-04', 0, 'PEREMPUAN', '0', 0, 'UPSR', 'TABIKA KEMAS SRI CERIA', '', '', '', '770728016955'),
('140207010260', 'NUR AWATIF AFIAH BINTI NOOR NASRIQ', '2014-02-07', 0, 'PEREMPUAN', 'PELAJAR', 0, 'UPSR', 'TABIKA SRI JELUTONG', '', '', '', '850114016125'),
('140407010177', 'AHMAD AMMAR', '2014-04-07', 0, 'LELAKI', ' ', 0, 'PT3/SRP/LCE', '0', '', '', '', '821212016345'),
('140508100323', 'MUHAMMAD HARITH DAYYAN BIN ABDULLAH', '2014-05-08', 0, 'LELAKI', 'PELAJAR', 0, 'UPSR', 'TABIKA KEMAS SERI CERIA', '', '', '', '850120035429'),
('14060801', 'MUHAMMAD ANISYA RIZQIN', '2014-06-08', 0, 'LELAKI', 'PELAJAR', 0, 'UPSR', 'SK SERI PANDAN', '', '', '', '830406015345'),
('140724010541', 'MUHAMAD SYAKIR', '2014-07-24', 0, 'LELAKI', 'PELAJAR', 0, 'UPSR', 'PASTI AN-NUR', '', '', '', '840402016083'),
('140825011404', 'NUR INTAN ZAHIRAH BINTI IBRAHIM', '2014-08-25', 0, 'PEREMPUAN', 'PELAJAR', 0, 'UPSR', 'TABIKA KEMAS', '', '', '', '720816016343'),
('140905011623', 'MOHAMMAD KHAIRUL NIZAM', '2005-09-14', 0, 'LELAKI', 'PELAJAR TADIKA', 0, 'UPSR', '0', '', '', '', '720730016051'),
('141116010057', 'MUHAMMAD NUR AFIEQ BIN AZRI', '2014-11-16', 0, 'LELAKI', 'PELAJAR', 0, 'UPSR', 'TADIKA ILTIZAM', '', '', '', '760222016465'),
('150108010344', 'AMIRA SORFINA BINTI MOHD NOOR AMIN', '2015-01-08', 0, 'PEREMPUAN', '0', 0, 'UPSR', '0', '', '', '', '741017017027'),
('150213010784', 'NUR DAMIA ADEELA', '2015-02-13', 0, 'PEREMPUAN', 'PELAJAR', 0, 'UPSR', 'KEMAS SRI CERIA PT KARJO', '', '', '', '851105016101'),
('150310010022', 'NURFARAH ASYIQIN BINTI HAIRI', '2015-03-26', 0, 'PEREMPUAN', 'PELAJAR', 0, 'UPSR', 'TABIKA SRI CERIA', '', '', '', '790814017071'),
('150605101124', 'AISHA ADEENA BT MOHD NAZIR', '2015-06-05', 0, 'PEREMPUAN', '0', 0, 'UPSR', '0', '', '', '', '780920015513'),
('150609010182', 'NUR HAFIA HUMAIRA BINTI HAZALI', '2015-06-09', 0, 'PEREMPUAN', 'PELAJAR', 0, 'UPSR', 'TABIKA', '', '', '', '820615016425'),
('150620011098', 'NUR AMEENA ELYANA', '2015-06-20', 0, 'PEREMPUAN', '0', 0, 'UPSR', '0', '', '', '', '790718015121'),
('150806010288', 'AL ZAHRA NURAISYAH BIN MOHD RAZIF', '2015-08-06', 0, 'PEREMPUAN', '0', 0, 'UPSR', '0', '', '', '', '830221015015'),
('150828080498', 'AMANI SOLEHAH BINTI ALJOHARI', '2015-08-28', 0, 'PEREMPUAN', 'BELAJAR', 0, 'UPSR', 'TASKA PERMATA KEMAS', '', '', '', '791008085779'),
('150905010857', 'MUHD AFIQ IZZRIL BIN M NAZERI', '2015-09-05', 0, 'LELAKI', '0', 0, 'UPSR', '0', '', '', '', '770403016279'),
('151022020298', 'NURADELIA AMANDA', '2015-10-22', 0, 'PEREMPUAN', 'PELAJAR', 0, 'UPSR', 'TASKA', '', '', '', '860109565145'),
('151125011319', 'HAZIQ MIKHAIL BIN MOHD AIZAL', '2015-11-25', 0, 'LELAKI', 'PELAJAR', 0, 'UPSR', 'KEMAS', '', '', '', '770611016281'),
('160530011819', 'MUAZ ZIKRI BIN MOHAMAD WAZIR SHAFIX', '2016-05-30', 0, 'LELAKI', '0', 0, 'UPSR', '0', '', '', '', '841031016029'),
('160622010696', 'NUR ANIS QAISARA BINTI MOHD RASHIDI', '2016-06-22', 0, 'PEREMPUAN', '0', 0, 'UPSR', '0', '', '', '', '810411015755'),
('160704010606', 'NURFARAH AQILAH BINTI HAIRI', '2016-07-04', 0, 'PEREMPUAN', '0', 0, 'UPSR', '0', '', '', '', '790814017071'),
('160704010614', 'NURFARAH AQIRAH BINTI HAIRI', '2016-07-04', 0, 'PEREMPUAN', '0', 0, 'UPSR', '0', '', '', '', '790814017071'),
('160921010039', 'MUHAMMAD NUR FARHAN', '2016-09-21', 0, 'LELAKI', '0', 0, 'UPSR', '0', '', '', '', '7310160165135'),
('160928011907', 'DARYAN HANEEF BIN ZIBIDIN', '2016-09-28', 0, 'LELAKI', '0', 0, 'UPSR', '0', '', '', '', '570307045591'),
('161021', 'ALISYA AZ-ZAHRA', '2016-10-21', 0, 'PEREMPUAN', '0', 0, 'UPSR', '0', '', '', '', '611121015237'),
('161029010419', 'MUHAMMAD YAZEED RIZQULLAH BIN MOHAMAD FARID', '2016-10-29', 0, 'LELAKI', '0', 0, 'UPSR', '0', '', '', '', '760717015157'),
('161108011164', 'NURUL KHALISAH', '2016-11-08', 0, 'PEREMPUAN', '0', 0, 'UPSR', '0', '', '', '', '840402016083'),
('161124011375', 'MUHAMMAD RAFIQI', '2016-11-24', 0, 'LELAKI', '0', 0, 'UPSR', '0', '', '', '', '750103015583'),
('170314010101', 'AHMAD ADREESYAH AMIN', '2017-03-14', 0, 'LELAKI', 'TIADA', 0, 'UPSR', 'TIADA', '', '', '', '860327236665'),
('170319010764', 'ZARA NURAISHA BINTI MUHD ZUHDI', '2017-03-19', 0, 'PEREMPUAN', '0', 0, 'UPSR', '0', '', '', '', '870101146287'),
('170320040143', 'AMIRUL HAKIM BIN MOHD ARIF FAIZAL', '2017-03-20', 0, 'LELAKI', '0', 0, 'UPSR', '0', '', '', '', '850531115757'),
('170324010451', 'AHMAD DARWISY', '2017-03-24', 0, 'LELAKI', '0', 0, 'UPSR', '0', '', '', '', '821212016345'),
('170505010469', 'MOHAMAD HAFIY SYAZWAN BIN MOHD HASRUZAMAN', '2017-05-05', 0, 'LELAKI', '0', 0, 'UPSR', '0', '', '', '', '830331015729'),
('170510010113', 'FIYAADH HAKIM BIN NOOR NASRIQ', '2017-05-10', 0, 'PEREMPUAN', 'TIADA', 0, 'UPSR', 'TIADA', '', '', '', '850114016125'),
('170708010856', 'NURRAYSA ADAWIYAH', '2017-07-08', 0, 'PEREMPUAN', '0', 0, 'UPSR', '0', '', '', '', '781022015137'),
('171118010906', 'NUR DELISHA HANI', '2017-11-18', 0, 'PEREMPUAN', '0', 0, 'UPSR', '0', '', '', '', '851105016101'),
('171126010746', 'SITI HAJAR AMEENA', '2017-11-26', 0, 'PEREMPUAN', '0', 0, 'UPSR', '0', '', '', '', '541218015689'),
('171130100754', 'RAISHA SAFIYYAH BT AHMAD HAKIMI', '2017-11-29', 0, 'PEREMPUAN', '0', 0, 'UPSR', '0', '', '', '', '841011035935'),
('180103010131', 'MUHAMMAD AARIZ DANIAL BIN ISHAK', '2018-01-03', 0, 'LELAKI', '0', 0, 'UPSR', '0', '', '', '', '720926016205'),
('180103040242', 'ADRA IRDINA BINTI MOHAMMAD NASIR', '2018-01-03', 0, 'PEREMPUAN', '0', 0, 'UPSR', '0', '', '', '', '830510045149'),
('180115011158', 'AISY ALIAH HUMAIRAA', '2018-01-15', 0, 'PEREMPUAN', '0', 0, 'UPSR', '0', '', '', '', '850925016567'),
('180904011417', 'MUHAMMAD NAQI RAYYAN', '2018-09-04', 0, 'LELAKI', '0', 0, 'UPSR', '0', '', '', '', '820709015765'),
('231231', 'WDQWDQW', '2019-10-11', 0, 'LELAKI', '0', 0, 'UPSR', '0', 'BUKAN ANAK YATIM', 'ASNAF', 'MASIH HIDUP', '12457896987'),
('32412', 'C', '2019-10-17', 0, 'PEREMPUAN', '0', 0, 'UPSR', '0', 'ANAK YATIM', '', '', '2313'),
('342342', 'ANAK A 2', '2019-10-09', 0, 'LELAKI', '0', 0, 'TIDAK BERSEKOLAH', '0', 'ANAK YATIM', 'ASNAF', '', '21312312'),
('3432423', 'ANAK B', '2019-10-07', 0, 'LELAKI', '0', 0, 'SARJANA MUDA', '0', 'BUKAN ANAK YATIM', 'BUKAN ASNAF', '', '3213123'),
('350919015364', 'SA\'ODAH BINTI HAJI TAIB', '1935-09-19', 0, 'PEREMPUAN', '0', 0, 'UPSR', '0', '', '', '', '531128016144'),
('410603015132', 'SUASA BINTI OTHMAN', '1941-06-03', 0, 'PEREMPUAN', '0', 1000, 'UPSR', 'SK PINTAS RAYA', '', '', '', '791008085779'),
('454765865856', 'ANAK A', '2019-10-16', 0, 'LELAKI', '0', 0, 'DIPLOMA', '0', 'ANAK YATIM', 'BUKAN ASNAF', 'SUDAH MENINGGAL', '31413431'),
('61154164', 'ANAK PAKCIK', '2018-10-17', 1, 'LELAKI', '0', 0, 'TIDAK BERSEKOLAH', '0', 'ANAK YATIM', 'ASNAF', '', '12457896987'),
('641115016038', 'MARSILAH BINTI NGADIRAN', '1964-11-15', 0, 'PEREMPUAN', 'SURI RUMAH', 0, 'UPSR', '0', '', '', '', '960806015497'),
('65146146', 'ANAK PAKCIK TEST', '1950-05-05', 69, 'PEREMPUAN', '0', 0, 'SARJANA MUDA', '0', 'ANAK YATIM', 'ASNAF', 'SUDAH MENINGGAL', '12457896987'),
('74586', 'FHHFH', '2018-10-03', 1, 'LELAKI', '0', 0, 'DIPLOMA', '0', 'ANAK YATIM', 'ASNAF', 'SUDAH MENINGGAL', '12457896987'),
('760118015198', 'HERMADAYANTI BINTI A. RAHMAN', '1976-01-18', 0, 'PEREMPUAN', 'PENIAGA', 103011000, 'DIPLOMA', 'IKM SUNGAI PETANI KEDAH', '', '', '', '531128016144'),
('810817135059', 'SHARILAZMI BIN AMAT', '1981-08-07', 0, 'LELAKI', 'CLEANER', 1000, 'SPM/MCE', 'SEKOLAH MENENGAH SRI GADING', '', '', '', '490408015041'),
('820102015648', 'HAIKAL BIN DERAMAN', '2019-10-16', 0, 'LELAKI', 'PELAJAR', 300, 'SARJANA MUDA', 'UTHM', '', '', '', '710603016123'),
('830102016410', 'NURHASLINA BINTI OTHMAN', '1983-01-02', 0, 'PEREMPUAN', 'PEMBANTU TASKA', 800, 'SPM/MCE', '0', '', '', '', '720816016343'),
('831012015515', 'ABD RASHID BIN MANSOR', '1983-10-12', 0, 'LELAKI', 'JURUTERA', 13350, 'SARJANA MUDA', 'UTM JOHOR', '', '', '', '590805016169'),
('841106016518', 'NORAZIANA BINTI MANSOOR', '1984-11-06', 0, 'PEREMPUAN', 'BERNIAGA', 700, 'SPM/MCE', '0', '', '', '', '490831015057'),
('850727016603', 'MUHAMAD RIDZUAN BIN SHAHARI', '1985-07-27', 0, 'LELAKI', 'BURUH KASAR', 1200, 'SPM/MCE', '0', '', '', '', '490729015907'),
('850908045658', 'NOR AKMAL BINTI MOHD KAMILAN', '1985-09-08', 0, 'PEREMPUAN', 'KERANI', 2000, 'DIPLOMA', '0', '', '', '', '571107016221'),
('871116015145', 'MD. HAIRUL ANUAR BIN OTHMAN', '1987-11-16', 0, 'LELAKI', 'KERJA SENDIRI', 600, 'SPM/MCE', '0', '', '', '', '720816016343'),
('880305235475', 'NIK AHMAD FAHMI', '1988-03-05', 0, 'LELAKI', 'GRADUAN', 0, 'SARJANA MUDA', 'INDONESIA', '', '', '', '600909035627'),
('880424015061', 'RAHIMI B ABD RAHIM', '1988-04-24', 0, 'LELAKI', 'KILANG', 1500, 'SPM/MCE', 'SK SERI GADING', '', '', '', '520529095003'),
('880810015545', 'ADAM BIN ABDUL HAIR', '1988-10-10', 0, 'LELAKI', 'BURUH', 1000, 'SPM/MCE', 'SMK SRI GADING', '', '', '', '570425015238'),
('890529015032', 'ISZANITA', '1989-05-29', 0, 'PEREMPUAN', 'DOKTOR', 0, 'SARJANA MUDA', '0', '', '', '', '581108015625'),
('900203015207', 'SYED FAHMI BIN SYED MASHHOR ALSAGOFF', '1990-02-03', 0, 'LELAKI', 'POLIS', 1500, 'SPM/MCE', '0', '', '', '', '560610015732'),
('900407016201', 'MOHD. ISKANDAR BIN OTHMAN', '1990-04-07', 0, 'LELAKI', 'KILANG', 1500, 'SPM/MCE', '0', '', '', '', '720816016343'),
('900811015526', 'FAUZIAH BINTI ABDUL HAIR', '1990-08-11', 0, 'PEREMPUAN', 'PROMOTER', 1000, 'SPM/MCE', 'SMK SRI GADING', '', '', '', '570425015238'),
('90092601', 'MOHAMAD MAZLAN BIN MOHAMAD SALLEH', '1990-09-26', 0, 'LELAKI', '0', 0, 'SPM/MCE', '0', '', '', '', '610603015745'),
('910', 'ISZASHILA BINTI KAMSANI', '1991-09-25', 0, 'PEREMPUAN', 'PENIAGA', 0, 'SARJANA MUDA', '0', '', '', '', '581108015625'),
('911204015595', 'ZAINUL ARIFIN BIN TALIB', '1991-12-04', 0, 'LELAKI', '0', 0, 'UPSR', '0', '', '', '', '521122016021'),
('920122017065', 'MUHAMMAD FAEZ ABDULLAH', '1922-01-22', 0, 'LELAKI', 'PEMBANTU PERUBATAN', 2499, 'DIPLOMA', '0', '', '', '', '570914015343'),
('920324016810', 'NAZIRAH BINTI MOHAMAD SALLEH', '1992-03-24', 0, 'PEREMPUAN', 'SWASTA', 900, 'STPM', 'SMK TUN ISMAIL', '', '', '', '610603015745'),
('920325015436', 'AISYAH BINTI KASIM', '1992-03-25', 0, 'PEREMPUAN', 'PELAJAR', 300, 'DIPLOMA', 'UNIVERSITI MALAYA', '', '', '', '720125015431'),
('920716016473', 'MOHAMAD KHAIRUL HANIF BIN MOHD ARIF', '1992-07-16', 0, 'LELAKI', 'TIDAK BEKERJA', 0, 'SPM/MCE', '0', '', '', '', '530820015960'),
('920819015131', 'MOHD FAUZAN BIN SATIMAN', '1992-08-19', 0, 'LELAKI', 'GURU', 3400, 'SARJANA MUDA', 'IPG JITRA', '', '', '', '511120015341'),
('920902016987', 'AHMAD FUAD BIN MOHD KAMILAN', '1991-09-02', 0, 'LELAKI', 'PEGAWAI AKAUN', 3000, 'SARJANA MUDA', 'UNIKL', '', '', '', '571107016221'),
('921022', 'MUHAMMAD FARID YUNOS', '1992-10-22', 0, 'LELAKI', 'BERNIAGA', 7000, 'DIPLOMA', 'MARA', '', '', '', '640408016125'),
('930325010101', 'MUHAMMAD SHAFIQ BIN TUKIMAN', '1993-03-25', 0, 'LELAKI', 'KAKITANGAN AWAM (JPJ)', 1300, 'SPM/MCE', '0', '', '', '', '630404015935'),
('930513016480', 'SITI NORAISHAH BINTI SELAMAT', '0000-00-00', 0, 'PEREMPUAN', 'KHIDMAT PELANGGAN', 900, 'SARJANA MUDA', 'UITM', '', '', '', '630409015109'),
('930718016679', 'MOHD HELMI SHAHRUL NIZAM BIN JAMARI', '1993-07-18', 0, 'LELAKI', 'PEKERJA SWASTA', 1500, 'SPM/MCE', '0', '', '', '', '520722015511'),
('930809016332', 'AINUR RAHMAH', '1993-08-09', 0, 'PEREMPUAN', 'KERANI PEJABAT', 1800, 'DIPLOMA', 'UKM', '', '', '', '651208015383'),
('930916016127', 'MOHD FAIZAL HUSSAINI', '1993-09-16', 0, 'LELAKI', 'ADMIN ASSISTANT PENGGERANG', 1350, 'SARJANA MUDA', 'UMS', '', '', '', '690703095079'),
('931022', 'MIMI ASMIZA YUNOS', '1993-10-22', 0, 'PEREMPUAN', 'BERNIAGA', 4500, 'DIPLOMA', 'MARA', '', '', '', '640408016125'),
('940106016685', 'MUHAMAD AMIR BIN MOHD. SHARIDAN', '1994-01-06', 0, 'LELAKI', 'TECHNICIAN', 1500, 'SPM/MCE', 'SEKOLAH TEKNIK BATU PAHAT', '', '', '', '640327085997'),
('940501145639', 'MUHAMAD NUR AIDEEL BIN JEFFRI', '1994-05-01', 0, 'LELAKI', 'TECHNICIAN', 1500, 'SARJANA MUDA', '0', '', '', '', '671229015671'),
('940502016177', 'MUHAMAD RAZLAN BIN MAHAT', '1994-05-02', 0, 'LELAKI', 'BEKERJA SENDIRI', 1800, 'SARJANA MUDA', 'UPSI', '', '', '', '480108015585'),
('940617016185', 'MUHAMMAD TAUFFIQ BIN SAMAD', '1994-06-17', 0, 'LELAKI', 'JURUTEKNIK', 1200, 'SPM/MCE', 'IKM SIK', '', '', '', '680603015167'),
('941101145642', 'RAIHANA AKMAL BINTI AHMAD WAKHIDAN', '1994-11-01', 0, 'PEREMPUAN', 'ADMIN (SYARIKAT)', 1800, 'SARJANA MUDA', 'UNIVERSITI MALAYSIA KELANTAN', '', '', '', '660606016343'),
('94122101', 'NURATIKAH NASUHA BINTI SAMAT', '1994-12-21', 0, 'PEREMPUAN', 'PEMBANTU KEDAI', 800, 'SPM/MCE', '0', '', '', '', '690211016135'),
('950115015587', 'MUHAMMAD HAZIQ', '1995-01-15', 0, 'LELAKI', 'PELAJAR', 0, 'DIPLOMA', 'IKM', '', '', '', '611216015897'),
('950117010101', 'KHAIRULNIZAM BIN TUKIMAN', '1995-01-17', 0, 'LELAKI', 'BURUH', 1000, 'SPM/MCE', '0', '', '', '', '630404015935'),
('950203016934', 'NUR AMALINA', '1995-02-03', 0, 'PEREMPUAN', 'PELAJAR', 0, 'SARJANA MUDA', 'UITM', '', '', '', '630416016273'),
('950222016120', 'SHARIFAH ADILAH', '1995-02-22', 0, 'PEREMPUAN', '0', 0, 'SARJANA MUDA', 'UITM PUNCAK ALAM', '', '', '', '691111015957'),
('950222025983', 'NIK AHMAD FARIS', '1995-02-22', 0, 'LELAKI', 'PELAJAR', 0, 'SARJANA MUDA', 'KUPTM', '', '', '', '600909035627'),
('950320145188', 'NUR FATIN BIN MOHD HALID', '1995-03-20', 0, 'PEREMPUAN', 'KILANG', 1000, 'SPM/MCE', '0', '', '', '', '620918016063'),
('950507015105', 'MUHD AMIRUL RASHID', '1995-05-07', 0, 'LELAKI', 'KILANG', 1500, 'SPM/MCE', '0', '', '', '', '720415015235'),
('950510015229', 'MUHAMMAD QAMARUZZAMAN BIN MD. SALLEH', '1995-05-10', 0, 'LELAKI', 'TENTERA', 1900, 'SPM/MCE', 'SEK. PERINTIS TENTERA DARAT', '', '', '', '660227015535'),
('950512015062', 'NURFATHIAH BINTI ABD SHUKOR', '1995-05-12', 0, 'PEREMPUAN', 'BELAJAR', 0, 'SARJANA MUDA', 'UNIVERSITI MALAYA KUALA LUMPUR', '', '', '', '680331015939'),
('950525015985', 'MOHD SAUFI BIN RAHMAT', '1995-05-25', 0, 'LELAKI', 'OPERATOR PENGELUARAN FUJITSU', 1000, 'SPM/MCE', 'SEKOLAH MENENGAH SERI GADING', '', '', '', '651001016709'),
('950706016717', 'AMIRUL HAMKA BIN ROZI', '1995-07-06', 0, 'LELAKI', 'BURUH', 1000, 'SPM/MCE', 'SMK TUNKU MAHMOOD PARIT RAJA', '', '', '', '641102016223'),
('950729595037', 'MOHD AFIQ BIN OMAR', '1995-07-29', 0, 'LELAKI', 'PEMBANTU TADBIR', 1200, 'DIPLOMA', 'UITM', '', '', '', '590705016217'),
('950818015145', 'MUHAMAD FIKRI BIN MUSTAFA', '1995-08-18', 0, 'LELAKI', 'PENCUCI', 1000, 'SPM/MCE', '0', '', '', '', '620613015369'),
('950920015141', 'MUHAMAD FARIZ BIN MOHD HISHAM', '1995-09-20', 0, 'LELAKI', 'KERJA BENGKEL', 1400, 'SPM/MCE', '0', '', '', '', '681210015523'),
('951006015179', 'MUHAMMAD FAHMI HUSSAINI', '1995-10-06', 0, 'LELAKI', '0', 0, 'SARJANA MUDA', 'UUM', '', '', '', '690703095079'),
('951015145012', 'NURASYIQIN AKMAL BINTI AHMAD WAKHIDAN', '1995-10-15', 0, 'PEREMPUAN', 'JURURAWAT', 2900, 'DIPLOMA', 'UNIVERSITI MALAYA KUALA LUMPUR', '', '', '', '660606016343'),
('951106085094', 'NURUL IFANNU ABDUL GHANI', '1995-11-06', 0, 'LELAKI', 'SWASTA', 1200, 'DIPLOMA', 'KUIM, MELAKA', '', '', '', '620303016059'),
('951214015405', 'MOHD SYAZREL B. ABD RAHIM', '1995-01-14', 0, 'LELAKI', 'KILANG', 1000, 'SPM/MCE', 'SMK SERI GADING', '', '', '', '520529095003'),
('960204016222', 'SITI NOR HIDAYAH BINTI MOHAMAD', '1996-02-04', 0, 'PEREMPUAN', 'PELAJAR', 0, 'SARJANA MUDA', 'UNIMAS', '', '', '', '541218015689'),
('960329017114', 'SITI ANISAH BINTI SALEM', '1996-03-29', 0, 'PEREMPUAN', 'PELAJAR', 0, 'SARJANA MUDA', 'UITM', '', '', '', '610520015483'),
('960420145221', 'MUHAMAD QAYYUM AKMAL BIN JEFFRI', '1996-04-20', 0, 'LELAKI', 'PELAJAR', 0, 'SARJANA MUDA', 'UITM PENANG', '', '', '', '671229015671'),
('960475015252`', 'MUHAMMAD IKHWAN ISHAK', '1996-06-05', 0, 'LELAKI', '0', 0, 'SARJANA MUDA', 'UITM SHAH ALAM', '', '', '', '730122015353'),
('960524015288', 'AMIRA SHARINA BINTI MOHD. SHARIDAN', '1996-05-24', 0, 'PEREMPUAN', 'KERANI', 1500, 'DIPLOMA', 'POLITEKNIK MERLIMAU', '', '', '', '640327085997'),
('960716015282', 'NUR ATIQAH', '1996-07-16', 0, 'PEREMPUAN', 'PELAJAR', 0, 'SARJANA MUDA', 'UITM', '', '', '', '630416016273'),
('960724015389', 'MUHAMMAD NAZRI BIN NASUKAH', '1996-07-24', 0, 'LELAKI', 'PEKERJA KILANG', 1500, 'SPM/MCE', 'SEKOLAH MENENGAH SERI GADING', '', '', '', '630407015893'),
('960816076119', 'MOHAMAD HANIF IQBAL BIN IBRAHIM', '1996-08-16', 0, 'LELAKI', 'PEKERJA KILANG', 1300, 'SPM/MCE', 'TIADA', '', '', '', '650827015740'),
('960903015317', 'MUHAMMAD SHAHRUL BIN SAMAD', '1996-09-03', 0, 'LELAKI', 'JURUTEKNIK', 1400, 'DIPLOMA', 'POLITEKNIK IBRAHIM SULTAN', '', '', '', '680603015167'),
('960928016375', 'MOHAMAD HARRIS BIN JAMARI', '1996-09-28', 0, 'LELAKI', 'PEKERJA SWASTA', 1500, 'SPM/MCE', '0', '', '', '', '520722015511'),
('961010015466', 'BALKISNOOR BT BANUAR', '1996-12-10', 0, 'PEREMPUAN', 'PELAJAR', 0, 'SARJANA MUDA', 'UNIVERSITI', '', '', '', '501004015601'),
('961019010101', 'AMIRUL FAHMI BIN TUKIMAN', '1996-10-19', 0, 'LELAKI', 'BURUH', 0, 'SPM/MCE', '0', '', '', '', '630404015935');
INSERT INTO `tanggungan` (`no_kp`, `nama`, `tarikh_lahir`, `tanggungan_umur`, `jantina`, `pekerjaan`, `pendapatan`, `pendidikan`, `pusat_pendidikan`, `anak_yatim`, `asnaf`, `tanggungan_status`, `no_kp_ketua`) VALUES
('961114015124', 'AINUR RASHIDAH', '1996-11-14', 0, 'PEREMPUAN', 'PEKERJA KILANG', 1000, 'SPM/MCE', 'SEKOLAH MENENGAH SERI GADING', '', '', '', '651208015383'),
('961129015266', 'SITI AINIRA BINTI MD. ZAINI', '1996-11-29', 0, 'PEREMPUAN', 'TIDAK BEKERJA', 0, 'UPSR', '0', '', '', '', '561021016109'),
('961216015352', 'AINUR HAZIQAH', '1996-12-16', 0, 'PEREMPUAN', 'PELAJAR', 0, 'DIPLOMA', 'IKBTN', '', '', '', '670225015039'),
('970105016437', 'MUHAMMAD AZIZI BIN MOHD NAIR', '1997-01-05', 0, 'LELAKI', 'OPERATOR KILANG', 1000, 'SPM/MCE', '0', '', '', '', '600905015733'),
('970226105292', 'NURUL ATIKAH BT MOHD ISA', '1997-02-23', 0, 'PEREMPUAN', 'PELAJAR', 0, 'DIPLOMA', '0', '', '', '', '620813016019'),
('970300016864', 'NURSABRINA BINTI MD. SALLEH', '1997-03-01', 0, 'PEREMPUAN', 'TENTERA', 1900, 'SPM/MCE', 'T.I.G.S BATU PAHAT', '', '', '', '660227015535'),
('970305016968', 'NURUL NATASA BINTI KASWAN', '1997-03-05', 0, 'PEREMPUAN', '0', 0, 'DIPLOMA', '0', '', '', '', '741017016948'),
('970310055187', 'MUHAMAD IKRAM', '1997-03-10', 0, 'LELAKI', 'OPERATOR KILANG', 1250, 'SPM/MCE', '0', '', '', '', '640903016325'),
('970418', 'SITI NURUL SYAFIQA BINTI MD SARMAN', '1997-04-18', 0, 'PEREMPUAN', 'PELAJAR', 0, 'SARJANA MUDA', 'UUM SINTOK', '', '', '', '530513015047'),
('970524017151', 'MOHAMAD YUSUF BIN MOHD ARIF', '1997-05-24', 0, 'LELAKI', 'BIASA', 700, 'PT3/SRP/LCE', '0', '', '', '', '530820015960'),
('970614016056', 'NUR FARAHIN BINTI MOHD HISHAM', '1997-06-14', 0, 'PEREMPUAN', 'BELAJAR', 0, 'SARJANA MUDA', 'UUM', '', '', '', '681210015523'),
('970715015519', 'HAIKAL BIN BADRUZAMAN', '1997-07-15', 0, 'LELAKI', 'PELAJAR', 100, 'SARJANA MUDA', 'KKTM SRI GADING', '', '', '', '760412016343'),
('970721', 'MUHAMMAD AKMAL BIN MANSOOR', '1997-07-21', 0, 'LELAKI', 'BERNIAGA', 0, 'SPM/MCE', '0', '', '', '', '490831015057'),
('970722016475', 'MOHAMMAD RUZAINI', '1997-07-22', 0, 'LELAKI', 'PELAJAR', 0, 'DIPLOMA', 'KOLEJ KEMAHIRAN MAX', '', '', '', '720730016051'),
('970824016281', 'MUHAMAD AISAMUDDIN', '1997-08-24', 0, 'LELAKI', 'PELAJAR', 0, 'SARJANA MUDA', 'UITM', '', '', '', '630416016273'),
('980109016724', 'NURUL NABILA BINTI SALIM', '1998-01-09', 0, 'PEREMPUAN', 'PEKERJA KILANG', 1000, 'SPM/MCE', 'SMK ', '', '', '', '630516016377'),
('980127016373', 'MUHAMMAD NORZAKI BIN NASUKAH', '1998-01-27', 0, 'LELAKI', 'BEKERJA SENDIRI', 900, 'SPM/MCE', 'YPJ KLUANG', '', '', '', '630407015893'),
('980213017268', 'MIMIE MARINA BINTI SALIM', '1998-02-13', 0, 'PEREMPUAN', '0', 0, 'DIPLOMA', 'UITM JENGKA', '', '', '', '430225015597'),
('980406017395', 'SHAMSUL BIN SALEM', '1998-04-06', 0, 'LELAKI', 'SENDIRI', 0, 'SPM/MCE', '0', '', '', '', '610520015483'),
('980506016613', 'MUHAMAD SHAFIEE BIN MOHAMAD', '1998-05-06', 0, 'LELAKI', 'PELAJAR', 0, 'SPM/MCE', '0', '', '', '', '541218015689'),
('980510016149', 'SHIKH MOHAMAD NURISKANDAR BIN SHIK FADZIL', '1998-05-10', 0, 'LELAKI', 'TENTERA', 0, 'SPM/MCE', '0', '', '', '', '670322015241'),
('980517016440', 'NUR EYSHA ATHIRA BINTI NOOR ISMAIL', '1998-05-17', 0, 'PEREMPUAN', 'PELAJAR', 0, 'DIPLOMA', '0', '', '', '', '720718015777'),
('980530016453', 'MOHD. TARMIZY BIN SALIMAN', '1998-05-30', 0, 'LELAKI', 'SWASTA', 1000, 'SPM/MCE', '0', '', '', '', '571106015358'),
('980608016817', 'MOHD IKHMAL ASRAF BIN HUSNIZAN', '1998-06-08', 0, 'LELAKI', '0', 0, 'SPM/MCE', 'LATIHAN KEMAHIRAN AUTOMOTIF', '', '', '', '751002017293'),
('980613016547', 'MOHAMMAD FIRDAUS BIN ABD SHUKOR', '1998-06-13', 0, 'LELAKI', 'BELAJAR', 0, 'DIPLOMA', 'KOLEJ PEM PERUSAHAAN KEMENTERIAN KESIHATAN MALAYSIA ULU KINTA PERAK', '', '', '', '680331015939'),
('9807', 'FAUZUL AZIM BIN MUSTAFFA', '1999-09-09', 0, 'LELAKI', '0', 0, 'SPM/MCE', 'UITM SRI ISKANDAR', '', '', '', '691107016295'),
('980706015535', 'MUHAMAD ARIF IRSYAD BIN MOHD. SHARIDAN', '1998-07-06', 0, 'LELAKI', '0', 0, 'DIPLOMA', 'POLITEKNIK MERLIMAU', '', '', '', '640327085997'),
('980811016716', 'NAZIHA BINTI MUHAMAD', '1998-08-11', 0, 'PEREMPUAN', 'PELAJAR', 0, 'DIPLOMA', 'POLITEKNIK PORT DICKSON', '', '', '', '751007016505'),
('980825016725', 'MOHAMAD FAKRI HUSSAINI', '1998-08-25', 0, 'LELAKI', '0', 0, 'SARJANA MUDA', 'UTHM', '', '', '', '690703095079'),
('980831010101', 'MUHAMMAD ALIF IKMAL BIN ABD. HAMID', '1998-08-31', 0, 'LELAKI', 'ASKAR TIMBALAN SETIA, KERAJAAN NEGERI JOHOR', 1300, 'SPM/MCE', 'SEKOLAH MENENGAH SRI GADING', '', '', '', '660411015199'),
('980916010101', 'NURUL AIN BINTI TUKIMAN', '1998-09-16', 0, 'PEREMPUAN', 'JURUJUAL', 1000, 'DIPLOMA', '0', '', '', '', '630404015935'),
('981001017025', 'NORHANIFF HAIKAL BIN JASWADI', '1998-10-01', 0, 'LELAKI', 'OPERATOR KILANG', 1300, 'SPM/MCE', '0', '', '', '', '720823016026'),
('981013016724', 'NURFARANIM BINTI MOHD. SARON', '1998-10-13', 0, 'PEREMPUAN', 'PRAKTIKAL', 0, 'DIPLOMA', 'KKTM SRI GADING', '', '', '', '620530016147'),
('981025016465', 'MUHAMMAD HAZIQ BIN SELAMAT', '1998-10-25', 0, 'LELAKI', 'OPERATOR', 1000, 'SPM/MCE', 'SMK SRI GADING', '', '', '', '630409015109'),
('981125016980', 'NURATIKA SU\'AIDA BINTI IBRAHIM', '1998-11-25', 0, 'PEREMPUAN', 'PELAJAR', 0, 'DIPLOMA', 'KPTM SRI GADING', '', '', '', '650827015740'),
('981229436529', 'MUHAMMAD AKMAL YUNOS', '1998-12-29', 0, 'LELAKI', 'BERNIAGA', 3500, 'SPM/MCE', '0', '', '', '', '640408016125'),
('990124016852', 'NUR FARANIZA BINTI MOHD HISHAM', '1999-01-24', 0, 'PEREMPUAN', 'BELAJAR', 0, 'DIPLOMA', 'UITM SEGAMAT', '', '', '', '681210015523'),
('990203015515', 'SYAMSUL BIN KASIM', '1999-02-03', 0, 'LELAKI', 'PELAJAR', 0, 'PT3/SRP/LCE', 'SMK SERI GADING', '', '', '', '720125015431'),
('990315017225', 'LUQMAN HAKIM', '1999-03-15', 0, 'LELAKI', '0', 0, 'SPM/MCE', 'KOLEJ KOMUNITI BATU PAHAT', '', '', '', '601119035651'),
('990403017479', 'MUHAMMAD ABQARI BIN S.PENDI', '1999-04-03', 0, 'LELAKI', 'PELAJAR', 0, 'SPM/MCE', 'SMK SERI GADING', '', '', '', '651217015879'),
('990429019923', 'MOHAMMAD SYAZRIN', '1999-04-24', 0, 'LELAKI', 'BURUH', 1000, 'PT3/SRP/LCE', 'SMK SERI GADING', '', '', '', '720730016051'),
('990429019931', 'MOHAMMAD SYAZWAN', '1999-04-29', 0, 'LELAKI', 'BURUH', 1000, 'PT3/SRP/LCE', 'SMK SERI GADING', '', '', '', '720730016051'),
('990501016400', 'SHARIFAH HUMAIRA ', '1999-01-05', 0, 'PEREMPUAN', '0', 0, 'DIPLOMA', 'UITM ALOR GAJAH', '', '', '', '691111015957'),
('990511018671', 'MUHAMMAD SYAZANI BIN MD. SALLEH', '1999-05-11', 0, 'LELAKI', 'PENYAMBUT TETAMU', 1300, 'SPM/MCE', 'SMV SEGAMAT', '', '', '', '660227015535'),
('990521018317', 'MUHD AINOL REZWAN ', '1999-05-21', 0, 'LELAKI', 'PELAJAR', 0, 'DIPLOMA', 'KOLEJ KOMUNITI', '', '', '', '720415015235'),
('990525', 'NORSHAHIRA BINTI RAHMAN', '1999-05-25', 0, 'PEREMPUAN', 'KILANG', 1100, 'SPM/MCE', '0', '', '', '', '520306015643'),
('990703018099', 'M.HAZIQ AKMAL BIN ZAFRI', '1999-07-03', 0, 'LELAKI', '0', 0, 'DIPLOMA', 'KOLEJ YPJ', '', '', '', '680301016041'),
('990703055135', 'ZULFAQAR B. MOHD SHARI', '1999-07-03', 0, 'LELAKI', 'SENDIRI', 500, 'SPM/MCE', 'SK SERI GADING', '', '', '', '680221016295'),
('990706016529', 'MUHAMMAD IFFZAL NASRUL ASRIQ BIN RIZAL', '1999-07-06', 0, 'LELAKI', 'KERJA KAMPUNG', 0, 'SPM/MCE', '0', '', '', '', '771130016621'),
('990928016823', 'MUHAMMAD SYAHRUL HAKIM BIN NOOR ISMAIL', '1999-09-28', 0, 'LELAKI', 'PELAJAR', 0, 'DIPLOMA', 'IKM JOHOR', '', '', '', '720718015777'),
('991005016846', 'NUR ASYIKIN BINTI SALIMAN', '1999-10-05', 0, 'PEREMPUAN', 'PELAJAR', 0, 'SPM/MCE', 'POU', '', '', '', '571106015358'),
('991219016702', 'SITI NURKHAIRANI BINTI NASUKAH', '1999-12-19', 0, 'PEREMPUAN', 'TIADA', 0, 'UPSR', 'TIADA', '', '', '', '630407015893'),
('991231016780', 'NUR SYAMIMI BINTI MOHD ZAIDI', '1999-12-31', 0, 'PEREMPUAN', 'PELAJAR', 0, 'SPM/MCE', 'SMK SERI GADING', '', '', '', '771204015817'),
('CA10515', 'MUHAMMAD AIMAN', '2008-05-28', 0, 'LELAKI', '0', 0, 'UPSR', 'SK PINTAS RAYA', '', '', '', '135361292');

--
-- Indexes for dumped tables
--

--
-- Indexes for table `isteri_waris`
--
ALTER TABLE `isteri_waris`
  ADD PRIMARY KEY (`no_kp_ketua`),
  ADD UNIQUE KEY `no_kp_ketua` (`no_kp_ketua`);

--
-- Indexes for table `ketua_keluarga`
--
ALTER TABLE `ketua_keluarga`
  ADD PRIMARY KEY (`no_kp`);

--
-- Indexes for table `masjid`
--
ALTER TABLE `masjid`
  ADD PRIMARY KEY (`masjid_id`);

--
-- Indexes for table `mukim`
--
ALTER TABLE `mukim`
  ADD PRIMARY KEY (`mukim_id`);

--
-- Indexes for table `pengguna`
--
ALTER TABLE `pengguna`
  ADD PRIMARY KEY (`id_pengguna`),
  ADD UNIQUE KEY `id_pengguna` (`id_pengguna`);

--
-- Indexes for table `surau`
--
ALTER TABLE `surau`
  ADD PRIMARY KEY (`surau_id`);

--
-- Indexes for table `tanggungan`
--
ALTER TABLE `tanggungan`
  ADD PRIMARY KEY (`no_kp`);

--
-- AUTO_INCREMENT for dumped tables
--

--
-- AUTO_INCREMENT for table `masjid`
--
ALTER TABLE `masjid`
  MODIFY `masjid_id` int(11) NOT NULL AUTO_INCREMENT, AUTO_INCREMENT=3;

--
-- AUTO_INCREMENT for table `mukim`
--
ALTER TABLE `mukim`
  MODIFY `mukim_id` int(3) NOT NULL AUTO_INCREMENT, AUTO_INCREMENT=15;

--
-- AUTO_INCREMENT for table `pengguna`
--
ALTER TABLE `pengguna`
  MODIFY `id_pengguna` int(11) NOT NULL AUTO_INCREMENT, AUTO_INCREMENT=2;

--
-- AUTO_INCREMENT for table `surau`
--
ALTER TABLE `surau`
  MODIFY `surau_id` int(11) NOT NULL AUTO_INCREMENT, AUTO_INCREMENT=3;
COMMIT;

/*!40101 SET CHARACTER_SET_CLIENT=@OLD_CHARACTER_SET_CLIENT */;
/*!40101 SET CHARACTER_SET_RESULTS=@OLD_CHARACTER_SET_RESULTS */;
/*!40101 SET COLLATION_CONNECTION=@OLD_COLLATION_CONNECTION */;
